vehicle_id,fuel_type,vehicle_type,timestamp,mq2,mq135,co2_ppm,co_ppm,nox_ppb,pm25_ugm3,temperature,humidity,aqi_status
VH001,Diesel,Heavy Truck,2026-07-24 18:36:41.213000,190.5,178.2,429.5,8.22,32.7,3.87,54.4,54.3,Safe
VH001,Diesel,Heavy Truck,2026-07-24 18:36:56.213000,277.0,285.5,489.3,5.55,75.3,5.55,60.9,37.6,Safe
VH001,Diesel,Heavy Truck,2026-07-24 18:37:11.213000,145.0,292.4,438.5,4.08,66.5,4.38,82.1,48.3,Safe
VH001,Diesel,Heavy Truck,2026-07-24 18:37:26.213000,138.2,316.4,402.2,3.05,25.1,7.64,66.9,40.3,Safe
VH001,Diesel,Heavy Truck,2026-07-24 18:37:41.213000,255.6,110.3,555.9,6.97,47.5,4.91,77.0,55.3,Safe
VH001,Diesel,Heavy Truck,2026-07-24 18:37:56.213000,276.7,336.5,498.8,0.91,73.2,12.83,69.8,60.7,Safe
VH001,Diesel,Heavy Truck,2026-07-24 18:38:11.213000,251.7,269.7,517.5,0.0,61.5,11.46,79.8,38.4,Safe
VH001,Diesel,Heavy Truck,2026-07-24 18:38:26.213000,160.1,328.4,430.4,2.62,30.7,1.94,57.4,52.9,Safe
VH001,Diesel,Heavy Truck,2026-07-24 18:38:41.213000,241.7,344.6,466.7,6.91,47.8,12.92,72.5,42.1,Safe
VH001,Diesel,Heavy Truck,2026-07-24 18:38:56.213000,197.9,205.6,492.8,4.32,51.2,9.39,73.2,62.9,Safe
VH001,Diesel,Heavy Truck,2026-07-24 18:39:11.213000,282.7,301.3,441.0,1.42,55.8,12.8,88.5,46.5,Safe
VH001,Diesel,Heavy Truck,2026-07-24 18:39:26.213000,227.6,290.1,417.2,1.5,60.5,13.61,56.9,37.2,Safe
VH001,Diesel,Heavy Truck,2026-07-24 18:39:41.213000,287.1,239.4,596.0,4.49,56.2,8.34,72.8,50.8,Safe
VH001,Diesel,Heavy Truck,2026-07-24 18:39:56.213000,297.6,255.1,446.2,5.65,19.4,23.92,81.5,38.2,Safe
VH001,Diesel,Heavy Truck,2026-07-24 18:40:11.213000,349.5,111.4,446.7,10.75,49.5,25.21,88.1,63.7,Safe
VH001,Diesel,Heavy Truck,2026-07-24 18:40:26.213000,296.2,218.0,458.5,4.05,69.8,1.73,76.5,61.4,Safe
VH001,Diesel,Heavy Truck,2026-07-24 18:40:41.213000,280.1,282.1,538.0,3.03,72.6,6.64,69.8,39.0,Safe
VH001,Diesel,Heavy Truck,2026-07-24 18:40:56.213000,214.8,128.7,421.6,3.88,20.6,3.26,65.9,44.9,Safe
VH001,Diesel,Heavy Truck,2026-07-24 18:41:11.213000,131.0,275.3,553.3,6.42,28.4,13.0,63.8,43.7,Safe
VH001,Diesel,Heavy Truck,2026-07-24 18:41:26.213000,283.3,274.6,529.6,2.41,57.6,2.64,68.7,40.2,Safe
VH001,Diesel,Heavy Truck,2026-07-24 18:41:41.213000,156.9,130.1,576.4,6.89,49.4,2.68,67.2,61.0,Safe
VH001,Diesel,Heavy Truck,2026-07-24 18:41:56.213000,148.2,204.0,591.7,4.98,23.0,3.79,85.0,39.7,Safe
VH001,Diesel,Heavy Truck,2026-07-24 18:42:11.213000,256.5,304.6,542.6,2.91,47.7,0.11,77.3,46.3,Safe
VH001,Diesel,Heavy Truck,2026-07-24 18:42:26.213000,208.3,114.9,439.7,1.48,44.3,12.11,63.1,42.2,Safe
VH001,Diesel,Heavy Truck,2026-07-24 18:42:41.213000,243.2,190.7,527.8,5.63,17.4,9.21,80.4,58.3,Safe
VH001,Diesel,Heavy Truck,2026-07-24 18:42:56.213000,192.1,297.8,463.5,2.16,69.2,16.28,64.9,46.9,Safe
VH001,Diesel,Heavy Truck,2026-07-24 18:43:11.213000,204.5,296.9,479.6,1.85,51.9,1.95,86.9,42.6,Safe
VH001,Diesel,Heavy Truck,2026-07-24 18:43:26.213000,227.5,321.2,497.4,3.85,80.7,3.38,68.2,48.2,Safe
VH001,Diesel,Heavy Truck,2026-07-24 18:43:41.213000,175.2,95.5,421.8,6.42,14.3,13.44,70.8,35.5,Safe
VH001,Diesel,Heavy Truck,2026-07-24 18:43:56.213000,220.7,174.8,435.5,0.13,38.9,9.06,74.0,37.0,Safe
VH001,Diesel,Heavy Truck,2026-07-24 18:44:11.213000,222.7,191.1,482.3,7.97,52.1,9.91,74.6,39.8,Safe
VH001,Diesel,Heavy Truck,2026-07-24 18:44:26.213000,196.1,306.9,446.5,3.79,17.7,1.82,67.4,39.7,Safe
VH001,Diesel,Heavy Truck,2026-07-24 18:44:41.213000,291.6,286.3,561.3,6.8,43.2,0.24,87.2,52.2,Safe
VH001,Diesel,Heavy Truck,2026-07-24 18:44:56.213000,298.7,249.7,580.7,8.49,29.1,0.02,62.1,47.8,Safe
VH001,Diesel,Heavy Truck,2026-07-24 18:45:11.213000,290.9,136.5,485.1,3.53,20.4,2.49,70.2,46.4,Safe
VH001,Diesel,Heavy Truck,2026-07-24 18:45:26.213000,264.5,290.7,593.5,0.47,82.8,0.73,64.8,62.0,Safe
VH001,Diesel,Heavy Truck,2026-07-24 18:45:41.213000,146.5,121.2,484.6,8.26,13.9,8.88,66.4,44.5,Safe
VH001,Diesel,Heavy Truck,2026-07-24 18:45:56.213000,139.2,241.1,593.4,1.38,52.1,11.2,71.0,57.2,Safe
VH001,Diesel,Heavy Truck,2026-07-24 18:46:11.213000,94.8,93.9,544.8,1.2,38.6,3.06,80.7,34.8,Safe
VH001,Diesel,Heavy Truck,2026-07-24 18:46:26.213000,197.0,152.8,474.3,5.19,28.9,13.22,67.9,49.7,Safe
VH001,Diesel,Heavy Truck,2026-07-24 18:46:41.213000,128.2,127.1,502.0,3.59,68.3,1.05,59.9,60.3,Safe
VH001,Diesel,Heavy Truck,2026-07-24 18:46:56.213000,161.9,258.8,563.7,1.49,13.9,8.08,60.1,61.5,Safe
VH001,Diesel,Heavy Truck,2026-07-24 18:47:11.213000,146.3,210.9,420.5,3.41,76.6,11.74,70.8,51.9,Safe
VH001,Diesel,Heavy Truck,2026-07-24 18:47:26.213000,279.4,246.1,458.5,1.83,32.7,5.14,67.8,40.0,Safe
VH001,Diesel,Heavy Truck,2026-07-24 18:47:41.213000,248.5,273.3,497.8,2.25,77.7,8.49,79.6,39.1,Safe
VH001,Diesel,Heavy Truck,2026-07-24 18:47:56.213000,145.3,184.2,392.7,7.19,24.1,12.79,66.7,63.0,Safe
VH001,Diesel,Heavy Truck,2026-07-24 18:48:11.213000,179.0,111.7,416.3,1.58,35.9,3.61,64.3,37.2,Safe
VH001,Diesel,Heavy Truck,2026-07-24 18:48:26.213000,196.1,137.6,607.2,2.66,16.5,11.59,76.1,64.3,Safe
VH001,Diesel,Heavy Truck,2026-07-24 18:48:41.213000,263.1,290.1,578.6,13.9,44.4,19.5,61.6,39.7,Safe
VH001,Diesel,Heavy Truck,2026-07-24 18:48:56.213000,266.8,194.9,598.2,9.02,69.6,9.55,88.4,37.9,Safe
VH001,Diesel,Heavy Truck,2026-07-24 18:49:11.213000,117.6,253.2,586.5,2.8,39.5,0.0,80.4,46.8,Safe
VH001,Diesel,Heavy Truck,2026-07-24 18:49:26.213000,125.1,122.1,415.4,1.52,49.3,10.16,65.6,59.4,Safe
VH001,Diesel,Heavy Truck,2026-07-24 18:49:41.213000,167.6,312.6,468.0,1.6,44.5,2.35,68.2,58.0,Safe
VH001,Diesel,Heavy Truck,2026-07-24 18:49:56.213000,156.0,226.2,493.8,5.66,69.6,3.56,81.2,56.5,Safe
VH001,Diesel,Heavy Truck,2026-07-24 18:50:11.213000,303.2,273.6,539.0,8.21,48.2,10.74,64.7,56.8,Safe
VH001,Diesel,Heavy Truck,2026-07-24 18:50:26.213000,277.6,147.7,408.5,9.83,14.1,16.7,84.6,54.6,Safe
VH001,Diesel,Heavy Truck,2026-07-24 18:50:41.213000,272.9,162.9,523.7,5.51,64.5,1.84,79.2,50.4,Safe
VH001,Diesel,Heavy Truck,2026-07-24 18:50:56.213000,234.1,260.3,583.6,6.69,72.2,9.84,83.3,53.3,Safe
VH001,Diesel,Heavy Truck,2026-07-24 18:51:11.213000,205.8,305.2,567.9,3.1,67.6,10.94,73.7,49.2,Safe
VH001,Diesel,Heavy Truck,2026-07-24 18:51:26.213000,181.8,206.1,541.8,8.28,40.5,3.27,58.5,65.6,Safe
VH001,Diesel,Heavy Truck,2026-07-24 18:51:41.213000,242.0,160.0,414.7,8.18,29.4,1.29,57.5,37.9,Safe
VH001,Diesel,Heavy Truck,2026-07-24 18:51:56.213000,129.7,168.7,581.7,7.6,29.2,9.52,58.7,57.2,Safe
VH001,Diesel,Heavy Truck,2026-07-24 18:52:11.213000,275.0,125.0,547.8,6.44,21.6,10.04,83.1,36.3,Safe
VH001,Diesel,Heavy Truck,2026-07-24 18:52:26.213000,135.6,237.8,447.5,5.02,66.5,9.49,77.4,45.8,Safe
VH001,Diesel,Heavy Truck,2026-07-24 18:52:41.213000,93.5,93.6,554.1,7.41,49.3,4.86,67.9,57.3,Safe
VH001,Diesel,Heavy Truck,2026-07-24 18:52:56.213000,144.8,262.3,445.9,0.81,34.5,8.71,64.2,53.8,Safe
VH001,Diesel,Heavy Truck,2026-07-24 18:53:11.213000,254.6,319.2,496.3,8.12,50.0,9.02,59.1,35.8,Safe
VH001,Diesel,Heavy Truck,2026-07-24 18:53:26.213000,363.4,112.1,422.0,11.0,65.9,13.01,63.0,39.0,Safe
VH001,Diesel,Heavy Truck,2026-07-24 18:53:41.213000,205.5,267.1,479.3,5.49,22.5,8.75,84.7,42.8,Safe
VH001,Diesel,Heavy Truck,2026-07-24 18:53:56.213000,181.3,108.1,479.1,2.77,36.6,14.53,58.3,40.1,Safe
VH001,Diesel,Heavy Truck,2026-07-24 18:54:11.213000,109.5,240.4,490.4,5.71,22.0,14.92,68.2,36.6,Safe
VH001,Diesel,Heavy Truck,2026-07-24 18:54:26.213000,279.5,280.6,458.2,8.39,19.5,5.21,56.6,53.7,Safe
VH001,Diesel,Heavy Truck,2026-07-24 18:54:41.213000,247.6,169.8,603.7,2.21,57.5,1.63,67.6,52.1,Safe
VH001,Diesel,Heavy Truck,2026-07-24 18:54:56.213000,131.0,215.2,505.9,8.16,37.2,7.63,83.8,50.8,Safe
VH001,Diesel,Heavy Truck,2026-07-24 18:55:11.213000,179.0,303.1,541.3,8.42,54.6,12.76,65.3,37.2,Safe
VH001,Diesel,Heavy Truck,2026-07-24 18:55:26.213000,151.0,347.8,525.7,2.18,49.5,12.37,76.2,51.6,Safe
VH001,Diesel,Heavy Truck,2026-07-24 18:55:41.213000,112.9,335.6,458.6,3.0,43.0,13.82,56.0,57.5,Safe
VH001,Diesel,Heavy Truck,2026-07-24 18:55:56.213000,121.2,111.6,577.4,1.66,23.6,3.01,89.1,61.4,Safe
VH001,Diesel,Heavy Truck,2026-07-24 18:56:11.213000,294.6,179.3,561.8,3.45,62.7,15.18,64.6,62.9,Safe
VH001,Diesel,Heavy Truck,2026-07-24 18:56:26.213000,280.1,325.9,489.8,2.79,35.1,4.52,59.6,59.8,Safe
VH001,Diesel,Heavy Truck,2026-07-24 18:56:41.213000,205.2,248.3,404.1,2.53,23.8,6.08,68.1,51.5,Safe
VH001,Diesel,Heavy Truck,2026-07-24 18:56:56.213000,132.3,233.3,429.7,3.62,24.2,14.76,72.7,52.1,Safe
VH001,Diesel,Heavy Truck,2026-07-24 18:57:11.213000,95.1,119.7,409.0,3.04,57.5,4.51,56.2,62.3,Safe
VH001,Diesel,Heavy Truck,2026-07-24 18:57:26.213000,251.7,202.1,553.7,2.34,37.8,7.25,79.9,58.8,Safe
VH001,Diesel,Heavy Truck,2026-07-24 18:57:41.213000,182.6,294.2,497.4,7.58,25.3,14.26,78.4,57.4,Safe
VH001,Diesel,Heavy Truck,2026-07-24 18:57:56.213000,215.6,116.2,388.9,6.88,32.4,8.44,87.2,59.6,Safe
VH001,Diesel,Heavy Truck,2026-07-24 18:58:11.213000,124.8,172.3,551.3,8.16,34.5,13.25,57.9,39.5,Safe
VH001,Diesel,Heavy Truck,2026-07-24 18:58:26.213000,275.6,206.3,461.7,9.57,37.1,12.23,75.2,56.4,Safe
VH001,Diesel,Heavy Truck,2026-07-24 18:58:41.213000,199.1,227.6,414.8,7.04,14.0,10.01,86.5,56.1,Safe
VH001,Diesel,Heavy Truck,2026-07-24 18:58:56.213000,221.9,179.4,434.0,0.57,76.2,2.48,90.1,41.1,Safe
VH001,Diesel,Heavy Truck,2026-07-24 18:59:11.213000,109.4,157.5,443.1,8.46,51.9,3.73,83.8,57.4,Safe
VH001,Diesel,Heavy Truck,2026-07-24 18:59:26.213000,136.6,296.2,564.4,6.86,20.6,13.83,61.2,42.1,Safe
VH001,Diesel,Heavy Truck,2026-07-24 18:59:41.213000,248.1,149.6,451.4,4.85,26.7,4.13,66.6,55.9,Safe
VH001,Diesel,Heavy Truck,2026-07-24 18:59:56.213000,260.4,111.9,473.9,1.5,46.1,6.38,68.8,41.4,Safe
VH001,Diesel,Heavy Truck,2026-07-24 19:00:11.213000,111.2,324.1,525.7,4.8,10.9,2.68,71.0,58.4,Safe
VH001,Diesel,Heavy Truck,2026-07-24 19:00:26.213000,236.6,117.4,583.8,1.42,29.4,0.1,56.8,49.2,Safe
VH001,Diesel,Heavy Truck,2026-07-24 19:00:41.213000,358.2,334.8,458.2,9.81,38.9,21.98,85.4,56.5,Safe
VH001,Diesel,Heavy Truck,2026-07-24 19:00:56.213000,190.6,237.4,467.3,5.07,23.6,11.99,82.7,40.0,Safe
VH001,Diesel,Heavy Truck,2026-07-24 19:01:11.213000,238.6,274.6,528.1,3.97,53.4,12.9,59.6,55.1,Safe
VH001,Diesel,Heavy Truck,2026-07-24 19:01:26.213000,268.9,210.3,420.0,1.92,7.5,8.85,65.7,60.7,Safe
VH001,Diesel,Heavy Truck,2026-07-24 19:01:41.213000,143.0,307.1,499.1,1.66,33.1,1.81,62.9,47.9,Safe
VH001,Diesel,Heavy Truck,2026-07-24 19:01:56.213000,131.7,253.0,476.8,9.2,32.8,10.67,88.7,58.6,Safe
VH001,Diesel,Heavy Truck,2026-07-24 19:02:11.213000,264.1,216.7,569.4,7.68,34.9,12.07,56.0,66.0,Safe
VH001,Diesel,Heavy Truck,2026-07-24 19:02:26.213000,110.7,321.4,573.4,8.56,32.2,6.44,55.2,53.2,Safe
VH001,Diesel,Heavy Truck,2026-07-24 19:02:41.213000,136.4,242.8,436.7,5.24,74.9,5.91,70.2,56.1,Safe
VH001,Diesel,Heavy Truck,2026-07-24 19:02:56.213000,132.8,99.4,474.7,1.01,55.5,12.21,66.3,37.1,Safe
VH001,Diesel,Heavy Truck,2026-07-24 19:03:11.213000,302.5,152.5,518.2,5.62,20.8,13.8,73.1,55.0,Safe
VH001,Diesel,Heavy Truck,2026-07-24 19:03:26.213000,227.7,97.8,554.9,3.21,69.5,12.51,72.7,50.4,Safe
VH001,Diesel,Heavy Truck,2026-07-24 19:03:41.213000,230.2,148.2,574.8,8.21,83.1,15.07,84.1,37.2,Safe
VH001,Diesel,Heavy Truck,2026-07-24 19:03:56.213000,271.3,299.2,519.4,3.52,57.1,14.28,88.6,57.0,Safe
VH001,Diesel,Heavy Truck,2026-07-24 19:04:11.213000,229.3,127.2,391.2,6.83,45.6,6.48,89.4,48.6,Safe
VH001,Diesel,Heavy Truck,2026-07-24 19:04:26.213000,215.5,110.3,475.2,5.18,50.1,13.48,74.7,39.9,Safe
VH001,Diesel,Heavy Truck,2026-07-24 19:04:41.213000,132.0,281.1,558.0,8.74,11.4,1.88,57.0,59.3,Safe
VH001,Diesel,Heavy Truck,2026-07-24 19:04:56.213000,172.7,300.6,407.4,1.39,27.6,13.97,67.1,43.9,Safe
VH001,Diesel,Heavy Truck,2026-07-24 19:05:11.213000,253.5,315.2,540.5,8.62,71.8,4.5,78.4,54.5,Safe
VH001,Diesel,Heavy Truck,2026-07-24 19:05:26.213000,112.5,154.7,410.9,5.98,34.6,7.35,67.5,36.7,Safe
VH001,Diesel,Heavy Truck,2026-07-24 19:05:41.213000,255.8,103.1,582.8,2.7,50.2,12.86,67.0,51.7,Safe
VH001,Diesel,Heavy Truck,2026-07-24 19:05:56.213000,141.7,337.3,537.2,2.04,73.9,2.78,66.8,50.5,Safe
VH001,Diesel,Heavy Truck,2026-07-24 19:06:11.213000,164.9,180.9,472.5,3.31,73.0,6.91,60.0,48.5,Safe
VH001,Diesel,Heavy Truck,2026-07-24 19:06:26.213000,229.5,182.4,518.9,2.14,32.9,0.53,61.7,52.3,Safe
VH001,Diesel,Heavy Truck,2026-07-24 19:06:41.213000,350.9,415.3,767.2,11.01,107.1,23.35,99.8,41.8,Moderate
VH001,Diesel,Heavy Truck,2026-07-24 19:06:56.213000,369.0,403.9,743.1,11.64,103.8,23.38,98.0,42.8,Moderate
VH001,Diesel,Heavy Truck,2026-07-24 19:07:11.213000,353.7,396.8,744.5,11.51,107.7,21.83,96.2,55.3,Moderate
VH001,Diesel,Heavy Truck,2026-07-24 19:07:26.213000,356.1,406.1,747.4,10.87,103.1,22.43,96.4,54.3,Moderate
VH001,Diesel,Heavy Truck,2026-07-24 19:07:41.213000,327.9,380.6,700.7,10.04,99.8,19.13,95.6,50.9,Moderate
VH001,Diesel,Heavy Truck,2026-07-24 19:07:56.213000,336.3,383.7,695.1,10.37,96.9,17.71,93.6,37.6,Moderate
VH001,Diesel,Heavy Truck,2026-07-24 19:08:11.213000,341.9,396.8,713.8,10.44,99.2,20.48,94.5,50.3,Moderate
VH001,Diesel,Heavy Truck,2026-07-24 19:08:26.213000,365.9,419.3,781.8,11.69,111.5,24.54,99.5,53.7,Moderate
VH001,Diesel,Heavy Truck,2026-07-24 19:08:41.213000,356.4,403.6,752.9,11.06,105.5,24.59,96.6,42.0,Moderate
VH001,Diesel,Heavy Truck,2026-07-24 19:08:56.213000,342.8,380.0,684.0,10.29,99.6,19.51,94.1,50.1,Moderate
VH001,Diesel,Heavy Truck,2026-07-24 19:09:11.213000,350.6,399.3,699.4,10.35,98.4,21.51,94.8,47.4,Moderate
VH001,Diesel,Heavy Truck,2026-07-24 19:09:26.213000,342.3,394.7,686.7,10.95,99.9,21.46,97.1,62.9,Moderate
VH001,Diesel,Heavy Truck,2026-07-24 19:09:41.213000,356.5,404.0,752.4,11.39,105.8,22.18,97.8,45.8,Moderate
VH001,Diesel,Heavy Truck,2026-07-24 19:09:56.213000,348.7,414.4,752.8,11.66,106.6,21.49,98.3,60.7,Moderate
VH001,Diesel,Heavy Truck,2026-07-24 19:10:11.213000,341.8,377.0,691.5,10.85,95.5,21.07,97.3,55.5,Moderate
VH001,Diesel,Heavy Truck,2026-07-24 19:10:26.213000,375.0,414.4,781.2,11.79,116.2,23.41,98.4,60.6,Moderate
VH001,Diesel,Heavy Truck,2026-07-24 19:10:41.213000,334.1,380.6,679.8,10.16,97.9,17.64,95.3,34.1,Moderate
VH001,Diesel,Heavy Truck,2026-07-24 19:10:56.213000,342.1,399.8,740.4,11.13,99.5,21.14,95.7,64.5,Moderate
VH001,Diesel,Heavy Truck,2026-07-24 19:11:11.213000,588.1,627.6,1533.9,25.57,228.7,55.98,137.7,49.7,Poor
VH001,Diesel,Heavy Truck,2026-07-24 19:11:26.213000,574.1,643.8,1547.3,25.47,229.5,58.05,138.1,48.6,Poor
VH001,Diesel,Heavy Truck,2026-07-24 19:11:41.213000,529.4,595.8,1372.4,22.14,207.8,49.1,132.2,59.9,Poor
VH001,Diesel,Heavy Truck,2026-07-24 19:11:56.213000,540.4,574.2,1331.5,20.94,195.5,48.68,131.2,54.6,Poor
VH001,Diesel,Heavy Truck,2026-07-24 19:12:11.213000,543.1,588.6,1346.7,21.54,196.7,47.81,132.3,58.8,Poor
VH001,Diesel,Heavy Truck,2026-07-24 19:12:26.213000,587.6,627.2,1526.8,25.45,228.3,56.41,139.1,57.2,Poor
VH001,Diesel,Heavy Truck,2026-07-24 19:12:41.213000,530.2,590.2,1364.4,22.47,205.6,49.38,133.4,37.7,Poor
VH001,Diesel,Heavy Truck,2026-07-24 19:12:56.213000,525.7,580.2,1319.6,21.12,199.7,46.9,129.8,42.3,Poor
VH001,Diesel,Heavy Truck,2026-07-24 19:13:11.213000,578.6,635.8,1490.8,24.94,228.8,56.2,137.1,54.8,Poor
VH001,Diesel,Heavy Truck,2026-07-24 19:13:26.213000,561.1,616.1,1469.1,24.36,219.5,52.42,134.4,66.1,Poor
VH001,Diesel,Heavy Truck,2026-07-24 19:13:41.213000,544.3,581.8,1329.1,21.6,202.7,47.42,129.8,34.0,Poor
VH001,Diesel,Heavy Truck,2026-07-24 19:13:56.213000,547.6,584.3,1366.0,22.98,208.0,51.16,133.6,34.2,Poor
VH001,Diesel,Heavy Truck,2026-07-24 19:14:11.213000,535.2,605.0,1370.0,22.62,206.6,50.99,134.4,54.8,Poor
VH001,Diesel,Heavy Truck,2026-07-24 19:14:26.213000,553.3,603.1,1436.0,23.67,214.9,50.83,136.2,48.3,Poor
VH001,Diesel,Heavy Truck,2026-07-24 19:14:41.213000,539.2,572.5,1325.9,21.77,194.6,46.38,130.4,46.3,Poor
VH001,Diesel,Heavy Truck,2026-07-24 19:14:56.213000,550.7,604.7,1427.2,23.6,218.9,53.97,133.5,55.2,Poor
VH001,Diesel,Heavy Truck,2026-07-24 19:15:11.213000,589.0,632.0,1559.2,25.82,232.9,57.07,138.3,59.3,Poor
VH001,Diesel,Heavy Truck,2026-07-24 19:15:26.213000,592.8,649.5,1558.6,26.28,236.2,58.05,139.0,36.8,Poor
VH001,Diesel,Heavy Truck,2026-07-24 19:15:41.213000,535.0,591.1,1386.3,22.91,207.5,49.74,134.2,51.7,Poor
VH001,Diesel,Heavy Truck,2026-07-24 19:15:56.213000,577.8,631.2,1483.1,24.21,220.1,55.17,135.7,36.5,Poor
VH001,Diesel,Heavy Truck,2026-07-24 19:16:11.213000,523.3,574.3,1323.1,21.76,201.1,49.55,129.5,37.2,Poor
VH001,Diesel,Heavy Truck,2026-07-24 19:16:26.213000,582.4,633.6,1525.3,25.95,230.6,55.22,137.1,56.5,Poor
VH001,Diesel,Heavy Truck,2026-07-24 19:16:41.213000,554.5,587.9,1364.2,22.38,203.3,50.37,133.8,57.4,Poor
VH001,Diesel,Heavy Truck,2026-07-24 19:16:56.213000,594.1,622.4,1545.7,25.46,230.0,54.92,136.6,55.6,Poor
VH001,Diesel,Heavy Truck,2026-07-24 19:17:11.213000,684.4,750.5,1973.9,34.03,295.7,73.42,154.8,57.6,Dangerous
VH001,Diesel,Heavy Truck,2026-07-24 19:17:26.213000,683.9,733.0,1932.6,34.09,292.8,72.31,157.4,52.1,Dangerous
VH001,Diesel,Heavy Truck,2026-07-24 19:17:41.213000,670.8,729.4,1920.5,33.64,286.3,73.44,155.6,44.3,Dangerous
VH001,Diesel,Heavy Truck,2026-07-24 19:17:56.213000,707.2,758.0,2030.9,35.55,309.5,75.34,154.6,34.9,Dangerous
VH001,Diesel,Heavy Truck,2026-07-24 19:18:11.213000,709.4,747.0,1988.0,34.62,299.6,73.59,155.5,43.5,Dangerous
VH001,Diesel,Heavy Truck,2026-07-24 19:18:26.213000,689.4,739.2,1973.5,34.18,295.7,74.81,156.8,51.6,Dangerous
VH001,Diesel,Heavy Truck,2026-07-24 19:18:41.213000,669.5,725.4,1907.4,32.95,291.2,73.26,157.1,62.9,Dangerous
VH001,Diesel,Heavy Truck,2026-07-24 19:18:56.213000,687.8,736.4,1976.6,34.41,298.2,72.88,157.6,43.8,Dangerous
VH001,Diesel,Heavy Truck,2026-07-24 19:19:11.213000,680.0,744.3,1941.4,33.78,288.4,73.54,154.1,56.1,Dangerous
VH001,Diesel,Heavy Truck,2026-07-24 19:19:26.213000,677.2,733.5,1950.4,33.38,289.4,72.21,156.7,41.8,Dangerous
VH001,Diesel,Heavy Truck,2026-07-24 19:19:41.213000,527.5,597.3,1341.9,22.06,203.1,49.63,133.5,40.2,Poor
VH001,Diesel,Heavy Truck,2026-07-24 19:19:56.213000,594.9,638.8,1570.5,26.31,240.2,56.85,141.6,65.3,Poor
VH001,Diesel,Heavy Truck,2026-07-24 19:20:11.213000,571.7,623.3,1517.4,25.35,226.0,57.49,139.5,46.5,Poor
VH001,Diesel,Heavy Truck,2026-07-24 19:20:26.213000,560.5,607.7,1407.1,22.74,207.9,51.97,135.2,45.3,Poor
VH001,Diesel,Heavy Truck,2026-07-24 19:20:41.213000,690.8,740.7,2013.1,35.31,298.6,76.3,157.3,63.3,Dangerous
VH001,Diesel,Heavy Truck,2026-07-24 19:20:56.213000,575.8,638.4,1558.5,26.15,231.0,55.94,140.6,47.6,Poor
VH001,Diesel,Heavy Truck,2026-07-24 19:21:11.213000,712.8,761.6,2079.2,36.0,309.4,76.44,157.3,36.6,Dangerous
VH001,Diesel,Heavy Truck,2026-07-24 19:21:26.213000,676.7,733.7,1949.8,33.57,288.1,72.52,154.3,49.4,Dangerous
VH001,Diesel,Heavy Truck,2026-07-24 19:21:41.213000,722.4,781.4,2097.8,36.79,310.3,77.76,155.7,51.8,Dangerous
VH001,Diesel,Heavy Truck,2026-07-24 19:21:56.213000,723.3,768.9,2089.8,36.92,315.1,78.48,157.1,60.0,Dangerous
VH001,Diesel,Heavy Truck,2026-07-24 19:22:11.213000,547.8,607.1,1391.4,22.48,206.6,50.1,132.6,43.1,Poor
VH001,Diesel,Heavy Truck,2026-07-24 19:22:26.213000,707.9,770.7,2042.1,36.24,310.7,78.3,156.4,62.7,Dangerous
VH001,Diesel,Heavy Truck,2026-07-24 19:22:41.213000,722.8,761.7,2050.9,36.63,313.6,78.16,156.4,37.8,Dangerous
VH002,Petrol,Passenger Car,2026-07-24 18:36:41.213000,117.8,180.3,422.5,0.61,20.0,1.03,59.6,55.5,Safe
VH002,Petrol,Passenger Car,2026-07-24 18:36:56.213000,127.1,91.9,409.7,1.17,19.9,2.03,66.9,42.1,Safe
VH002,Petrol,Passenger Car,2026-07-24 18:37:11.213000,96.2,266.7,527.9,6.69,40.5,4.83,77.5,52.6,Safe
VH002,Petrol,Passenger Car,2026-07-24 18:37:26.213000,191.7,222.2,546.8,1.92,41.2,7.24,70.3,67.6,Safe
VH002,Petrol,Passenger Car,2026-07-24 18:37:41.213000,196.4,200.0,421.1,6.53,15.6,6.12,56.0,63.6,Safe
VH002,Petrol,Passenger Car,2026-07-24 18:37:56.213000,94.6,135.0,416.3,0.98,40.7,10.8,47.9,52.7,Safe
VH002,Petrol,Passenger Car,2026-07-24 18:38:11.213000,188.7,123.3,454.9,2.45,27.3,0.0,72.1,56.0,Safe
VH002,Petrol,Passenger Car,2026-07-24 18:38:26.213000,134.3,121.4,399.1,6.39,5.2,5.97,75.3,54.8,Safe
VH002,Petrol,Passenger Car,2026-07-24 18:38:41.213000,169.8,129.0,501.8,4.63,27.9,3.18,45.6,56.3,Safe
VH002,Petrol,Passenger Car,2026-07-24 18:38:56.213000,108.6,73.7,483.2,5.22,43.4,10.22,76.3,52.6,Safe
VH002,Petrol,Passenger Car,2026-07-24 18:39:11.213000,127.3,164.7,379.9,6.06,23.2,6.17,65.6,41.3,Safe
VH002,Petrol,Passenger Car,2026-07-24 18:39:26.213000,200.9,175.6,474.0,3.31,40.0,2.8,48.5,43.9,Safe
VH002,Petrol,Passenger Car,2026-07-24 18:39:41.213000,92.1,176.5,486.6,3.37,30.7,3.53,77.6,44.5,Safe
VH002,Petrol,Passenger Car,2026-07-24 18:39:56.213000,113.9,225.9,390.1,0.62,5.8,6.56,47.5,54.6,Safe
VH002,Petrol,Passenger Car,2026-07-24 18:40:11.213000,211.9,172.5,445.4,0.16,44.5,8.8,61.3,43.9,Safe
VH002,Petrol,Passenger Car,2026-07-24 18:40:26.213000,186.8,243.0,416.8,1.15,36.5,1.43,48.4,51.6,Safe
VH002,Petrol,Passenger Car,2026-07-24 18:40:41.213000,210.5,104.6,502.5,5.55,8.9,7.56,68.1,64.9,Safe
VH002,Petrol,Passenger Car,2026-07-24 18:40:56.213000,145.9,164.5,526.7,4.88,60.2,10.89,51.5,54.1,Safe
VH002,Petrol,Passenger Car,2026-07-24 18:41:11.213000,104.4,115.8,504.5,3.3,50.8,5.11,80.7,42.5,Safe
VH002,Petrol,Passenger Car,2026-07-24 18:41:26.213000,150.7,102.7,520.0,5.55,60.1,1.51,73.5,70.1,Safe
VH002,Petrol,Passenger Car,2026-07-24 18:41:41.213000,119.9,240.1,426.0,3.99,10.4,7.44,60.6,47.2,Safe
VH002,Petrol,Passenger Car,2026-07-24 18:41:56.213000,140.9,225.2,443.6,6.97,46.1,4.94,50.2,39.8,Safe
VH002,Petrol,Passenger Car,2026-07-24 18:42:11.213000,216.6,119.1,529.6,4.8,43.0,6.99,64.0,67.0,Safe
VH002,Petrol,Passenger Car,2026-07-24 18:42:26.213000,220.9,169.0,430.1,1.52,42.0,7.07,60.5,57.2,Safe
VH002,Petrol,Passenger Car,2026-07-24 18:42:41.213000,106.4,130.1,477.0,0.37,53.5,6.41,66.8,68.5,Safe
VH002,Petrol,Passenger Car,2026-07-24 18:42:56.213000,166.4,129.6,378.1,2.39,14.7,5.3,53.0,57.4,Safe
VH002,Petrol,Passenger Car,2026-07-24 18:43:11.213000,170.6,279.8,536.5,0.0,35.0,5.99,68.5,51.3,Safe
VH002,Petrol,Passenger Car,2026-07-24 18:43:26.213000,106.1,122.8,433.4,1.96,57.7,8.12,52.4,58.9,Safe
VH002,Petrol,Passenger Car,2026-07-24 18:43:41.213000,214.8,76.7,499.6,3.48,7.3,0.77,70.4,66.7,Safe
VH002,Petrol,Passenger Car,2026-07-24 18:43:56.213000,109.0,221.0,544.0,6.21,29.4,7.5,44.4,53.4,Safe
VH002,Petrol,Passenger Car,2026-07-24 18:44:11.213000,152.3,89.7,480.9,2.73,25.9,3.29,81.1,58.1,Safe
VH002,Petrol,Passenger Car,2026-07-24 18:44:26.213000,91.8,238.3,476.9,5.26,32.2,0.0,60.4,51.5,Safe
VH002,Petrol,Passenger Car,2026-07-24 18:44:41.213000,197.2,98.6,458.5,3.55,42.5,4.62,46.4,56.5,Safe
VH002,Petrol,Passenger Car,2026-07-24 18:44:56.213000,119.4,109.8,382.1,2.08,26.4,8.09,66.9,60.1,Safe
VH002,Petrol,Passenger Car,2026-07-24 18:45:11.213000,85.8,233.0,394.2,4.24,24.3,2.64,52.4,59.1,Safe
VH002,Petrol,Passenger Car,2026-07-24 18:45:26.213000,103.0,183.6,388.6,4.71,17.5,11.24,62.5,54.6,Safe
VH002,Petrol,Passenger Car,2026-07-24 18:45:41.213000,182.2,229.5,513.0,1.95,45.1,4.86,53.9,58.3,Safe
VH002,Petrol,Passenger Car,2026-07-24 18:45:56.213000,192.8,72.2,382.2,1.52,31.2,1.29,53.7,59.6,Safe
VH002,Petrol,Passenger Car,2026-07-24 18:46:11.213000,92.1,99.3,467.2,0.03,25.5,1.94,55.9,48.8,Safe
VH002,Petrol,Passenger Car,2026-07-24 18:46:26.213000,122.5,200.9,470.0,4.3,8.7,4.8,59.5,59.7,Safe
VH002,Petrol,Passenger Car,2026-07-24 18:46:41.213000,208.4,127.4,454.9,6.89,35.8,7.37,45.7,59.2,Safe
VH002,Petrol,Passenger Car,2026-07-24 18:46:56.213000,113.0,152.0,478.3,2.73,57.0,1.92,62.5,40.4,Safe
VH002,Petrol,Passenger Car,2026-07-24 18:47:11.213000,128.6,236.4,463.2,0.64,37.2,7.05,71.8,60.4,Safe
VH002,Petrol,Passenger Car,2026-07-24 18:47:26.213000,251.3,223.5,450.5,8.8,22.7,14.68,73.5,56.3,Safe
VH002,Petrol,Passenger Car,2026-07-24 18:47:41.213000,134.1,145.4,544.8,2.82,15.1,8.02,70.1,42.2,Safe
VH002,Petrol,Passenger Car,2026-07-24 18:47:56.213000,94.2,105.3,417.6,0.23,19.7,1.67,69.5,65.6,Safe
VH002,Petrol,Passenger Car,2026-07-24 18:48:11.213000,88.5,121.5,461.3,6.86,56.2,2.38,49.6,48.0,Safe
VH002,Petrol,Passenger Car,2026-07-24 18:48:26.213000,207.4,127.7,418.1,0.97,16.4,5.5,59.2,62.9,Safe
VH002,Petrol,Passenger Car,2026-07-24 18:48:41.213000,159.3,211.6,501.0,1.84,11.1,2.23,48.0,62.9,Safe
VH002,Petrol,Passenger Car,2026-07-24 18:48:56.213000,193.7,156.8,454.0,6.21,34.2,0.24,63.2,69.6,Safe
VH002,Petrol,Passenger Car,2026-07-24 18:49:11.213000,149.7,106.2,410.2,3.51,45.9,0.0,44.4,40.7,Safe
VH002,Petrol,Passenger Car,2026-07-24 18:49:26.213000,154.4,128.7,395.0,7.67,24.2,18.6,48.6,43.3,Safe
VH002,Petrol,Passenger Car,2026-07-24 18:49:41.213000,107.7,133.6,435.7,1.42,13.7,1.44,64.3,70.4,Safe
VH002,Petrol,Passenger Car,2026-07-24 18:49:56.213000,223.3,196.6,505.8,5.12,46.6,0.94,56.9,62.1,Safe
VH002,Petrol,Passenger Car,2026-07-24 18:50:11.213000,212.8,197.1,431.7,4.4,56.9,2.36,51.2,68.5,Safe
VH002,Petrol,Passenger Car,2026-07-24 18:50:26.213000,168.2,278.7,468.9,1.18,24.3,4.31,73.2,67.6,Safe
VH002,Petrol,Passenger Car,2026-07-24 18:50:41.213000,186.5,147.0,520.6,0.77,50.1,3.33,53.0,69.4,Safe
VH002,Petrol,Passenger Car,2026-07-24 18:50:56.213000,142.6,187.8,544.3,5.42,27.2,5.63,65.0,56.8,Safe
VH002,Petrol,Passenger Car,2026-07-24 18:51:11.213000,127.3,282.4,464.1,0.51,16.3,4.38,71.6,57.5,Safe
VH002,Petrol,Passenger Car,2026-07-24 18:51:26.213000,261.2,106.5,551.5,10.09,42.1,6.4,46.6,57.2,Safe
VH002,Petrol,Passenger Car,2026-07-24 18:51:41.213000,86.9,246.2,558.3,2.91,18.9,5.32,47.1,43.0,Safe
VH002,Petrol,Passenger Car,2026-07-24 18:51:56.213000,143.5,216.2,560.8,3.79,57.8,4.01,59.4,50.2,Safe
VH002,Petrol,Passenger Car,2026-07-24 18:52:11.213000,142.4,130.1,422.1,5.18,18.5,7.17,73.6,66.0,Safe
VH002,Petrol,Passenger Car,2026-07-24 18:52:26.213000,201.6,262.6,469.3,3.7,36.2,3.05,76.2,61.4,Safe
VH002,Petrol,Passenger Car,2026-07-24 18:52:41.213000,109.9,231.3,411.1,0.1,36.5,4.95,53.9,53.2,Safe
VH002,Petrol,Passenger Car,2026-07-24 18:52:56.213000,199.8,113.6,472.8,6.34,32.9,6.47,62.4,57.7,Safe
VH002,Petrol,Passenger Car,2026-07-24 18:53:11.213000,250.9,231.1,495.6,7.49,8.0,10.27,80.0,45.4,Safe
VH002,Petrol,Passenger Car,2026-07-24 18:53:26.213000,179.6,194.7,491.6,8.47,39.0,10.25,46.5,58.0,Safe
VH002,Petrol,Passenger Car,2026-07-24 18:53:41.213000,114.6,136.3,384.0,2.14,45.2,2.93,56.4,52.4,Safe
VH002,Petrol,Passenger Car,2026-07-24 18:53:56.213000,175.5,230.3,474.0,7.09,31.9,8.24,70.4,63.8,Safe
VH002,Petrol,Passenger Car,2026-07-24 18:54:11.213000,212.2,88.9,490.2,1.51,7.7,2.52,78.8,55.9,Safe
VH002,Petrol,Passenger Car,2026-07-24 18:54:26.213000,207.2,149.7,437.6,2.48,14.4,2.44,65.4,45.5,Safe
VH002,Petrol,Passenger Car,2026-07-24 18:54:41.213000,222.4,240.2,493.0,6.14,28.1,3.26,67.8,42.3,Safe
VH002,Petrol,Passenger Car,2026-07-24 18:54:56.213000,112.7,144.2,429.4,5.64,12.9,4.27,61.0,59.4,Safe
VH002,Petrol,Passenger Car,2026-07-24 18:55:11.213000,99.0,213.3,470.7,6.73,9.2,2.91,56.7,65.1,Safe
VH002,Petrol,Passenger Car,2026-07-24 18:55:26.213000,211.6,168.2,388.0,3.09,7.5,6.55,73.0,43.5,Safe
VH002,Petrol,Passenger Car,2026-07-24 18:55:41.213000,214.7,171.3,460.2,7.06,44.9,12.94,71.7,42.2,Safe
VH002,Petrol,Passenger Car,2026-07-24 18:55:56.213000,216.6,162.6,525.0,2.08,41.4,4.16,56.9,59.6,Safe
VH002,Petrol,Passenger Car,2026-07-24 18:56:11.213000,213.1,171.1,509.2,4.08,45.9,4.1,74.8,61.7,Safe
VH002,Petrol,Passenger Car,2026-07-24 18:56:26.213000,131.9,104.6,521.9,4.23,31.3,8.83,53.2,56.3,Safe
VH002,Petrol,Passenger Car,2026-07-24 18:56:41.213000,127.8,125.5,474.7,3.3,5.3,0.0,49.9,67.9,Safe
VH002,Petrol,Passenger Car,2026-07-24 18:56:56.213000,78.6,192.7,410.3,0.69,50.4,0.9,56.2,62.6,Safe
VH002,Petrol,Passenger Car,2026-07-24 18:57:11.213000,94.5,183.1,500.5,3.78,35.8,3.9,64.6,42.0,Safe
VH002,Petrol,Passenger Car,2026-07-24 18:57:26.213000,202.4,206.4,492.6,5.75,51.5,9.87,77.3,50.5,Safe
VH002,Petrol,Passenger Car,2026-07-24 18:57:41.213000,158.5,201.6,486.7,2.82,19.4,5.32,75.2,46.5,Safe
VH002,Petrol,Passenger Car,2026-07-24 18:57:56.213000,104.3,111.8,475.7,5.01,10.7,0.0,54.0,42.8,Safe
VH002,Petrol,Passenger Car,2026-07-24 18:58:11.213000,101.9,98.7,504.4,4.48,42.9,1.45,60.4,47.4,Safe
VH002,Petrol,Passenger Car,2026-07-24 18:58:26.213000,188.9,168.7,454.2,3.46,54.6,1.97,78.0,43.0,Safe
VH002,Petrol,Passenger Car,2026-07-24 18:58:41.213000,94.2,205.3,499.4,3.6,41.6,7.43,60.5,55.4,Safe
VH002,Petrol,Passenger Car,2026-07-24 18:58:56.213000,204.1,166.7,418.8,2.83,48.7,10.17,67.4,46.9,Safe
VH002,Petrol,Passenger Car,2026-07-24 18:59:11.213000,136.0,93.3,478.1,2.65,59.4,3.23,65.8,41.8,Safe
VH002,Petrol,Passenger Car,2026-07-24 18:59:26.213000,136.4,221.6,499.8,3.81,14.7,0.0,72.2,67.8,Safe
VH002,Petrol,Passenger Car,2026-07-24 18:59:41.213000,111.2,253.5,503.8,0.11,17.2,3.79,72.1,51.2,Safe
VH002,Petrol,Passenger Car,2026-07-24 18:59:56.213000,181.3,190.6,371.6,0.19,31.1,7.52,62.6,60.1,Safe
VH002,Petrol,Passenger Car,2026-07-24 19:00:11.213000,219.2,236.2,525.5,0.83,24.7,7.45,74.1,42.5,Safe
VH002,Petrol,Passenger Car,2026-07-24 19:00:26.213000,134.3,164.5,422.9,3.5,7.2,0.86,73.8,60.1,Safe
VH002,Petrol,Passenger Car,2026-07-24 19:00:41.213000,164.2,110.8,491.6,6.06,9.4,6.76,70.3,64.7,Safe
VH002,Petrol,Passenger Car,2026-07-24 19:00:56.213000,181.7,205.7,520.6,3.56,32.8,8.96,67.6,65.8,Safe
VH002,Petrol,Passenger Car,2026-07-24 19:01:11.213000,182.5,145.3,492.0,3.83,21.1,6.26,76.3,69.3,Safe
VH002,Petrol,Passenger Car,2026-07-24 19:01:26.213000,179.4,121.1,556.3,1.94,44.4,8.3,46.7,60.7,Safe
VH002,Petrol,Passenger Car,2026-07-24 19:01:41.213000,90.1,242.8,487.2,3.3,50.5,8.85,69.8,59.4,Safe
VH002,Petrol,Passenger Car,2026-07-24 19:01:56.213000,122.6,231.5,396.5,1.61,56.8,2.3,47.1,48.1,Safe
VH002,Petrol,Passenger Car,2026-07-24 19:02:11.213000,84.5,189.0,438.3,2.15,42.5,0.04,54.9,70.4,Safe
VH002,Petrol,Passenger Car,2026-07-24 19:02:26.213000,133.6,225.5,445.6,2.0,38.8,5.51,63.1,70.5,Safe
VH002,Petrol,Passenger Car,2026-07-24 19:02:41.213000,157.7,108.5,445.1,3.69,41.4,1.2,61.5,47.4,Safe
VH002,Petrol,Passenger Car,2026-07-24 19:02:56.213000,171.0,82.6,484.3,4.41,58.2,4.81,71.9,61.5,Safe
VH002,Petrol,Passenger Car,2026-07-24 19:03:11.213000,152.2,127.7,442.5,3.68,56.6,2.15,70.9,67.8,Safe
VH002,Petrol,Passenger Car,2026-07-24 19:03:26.213000,127.9,277.2,478.9,3.69,60.2,2.24,54.2,51.2,Safe
VH002,Petrol,Passenger Car,2026-07-24 19:03:41.213000,146.2,196.6,445.9,4.93,14.1,1.87,76.8,59.5,Safe
VH002,Petrol,Passenger Car,2026-07-24 19:03:56.213000,186.9,117.0,461.1,4.53,38.5,3.76,73.3,64.3,Safe
VH002,Petrol,Passenger Car,2026-07-24 19:04:11.213000,170.3,117.6,453.0,9.97,56.8,15.22,75.9,53.1,Safe
VH002,Petrol,Passenger Car,2026-07-24 19:04:26.213000,203.7,243.2,509.3,3.26,48.9,3.77,75.1,65.3,Safe
VH002,Petrol,Passenger Car,2026-07-24 19:04:41.213000,215.7,263.5,452.9,2.96,56.4,2.56,79.9,43.4,Safe
VH002,Petrol,Passenger Car,2026-07-24 19:04:56.213000,171.8,146.4,490.6,3.78,48.0,10.7,59.1,49.4,Safe
VH002,Petrol,Passenger Car,2026-07-24 19:05:11.213000,191.4,107.6,562.2,2.33,17.5,7.14,47.2,61.4,Safe
VH002,Petrol,Passenger Car,2026-07-24 19:05:26.213000,96.6,154.9,400.4,5.53,35.7,8.49,61.6,64.8,Safe
VH002,Petrol,Passenger Car,2026-07-24 19:05:41.213000,140.9,203.7,509.9,1.01,17.7,7.05,55.8,59.6,Safe
VH002,Petrol,Passenger Car,2026-07-24 19:05:56.213000,126.8,255.5,470.8,1.57,42.7,7.47,60.1,47.7,Safe
VH002,Petrol,Passenger Car,2026-07-24 19:06:11.213000,112.8,273.2,382.2,4.95,51.7,6.77,67.2,43.4,Safe
VH002,Petrol,Passenger Car,2026-07-24 19:06:26.213000,159.5,206.6,539.9,5.75,33.3,0.0,71.4,51.7,Safe
VH002,Petrol,Passenger Car,2026-07-24 19:06:41.213000,142.0,125.1,522.7,3.34,32.0,0.0,75.8,54.7,Safe
VH002,Petrol,Passenger Car,2026-07-24 19:06:56.213000,171.8,95.0,391.8,3.02,45.1,6.41,46.8,62.7,Safe
VH002,Petrol,Passenger Car,2026-07-24 19:07:11.213000,289.1,125.2,529.7,6.93,48.1,15.32,54.1,62.5,Safe
VH002,Petrol,Passenger Car,2026-07-24 19:07:26.213000,132.9,151.8,404.9,6.72,26.9,10.01,54.8,49.2,Safe
VH002,Petrol,Passenger Car,2026-07-24 19:07:41.213000,174.9,261.4,386.5,3.35,46.4,8.45,72.0,53.6,Safe
VH002,Petrol,Passenger Car,2026-07-24 19:07:56.213000,120.4,259.1,427.2,6.53,48.2,2.42,62.7,53.0,Safe
VH002,Petrol,Passenger Car,2026-07-24 19:08:11.213000,219.5,117.4,480.5,2.18,4.2,0.0,74.3,64.0,Safe
VH002,Petrol,Passenger Car,2026-07-24 19:08:26.213000,124.6,129.2,412.4,2.39,12.4,0.69,48.7,66.3,Safe
VH002,Petrol,Passenger Car,2026-07-24 19:08:41.213000,156.6,153.7,475.7,6.85,21.0,3.12,69.2,60.8,Safe
VH002,Petrol,Passenger Car,2026-07-24 19:08:56.213000,115.0,245.4,419.8,0.94,37.0,9.25,47.0,70.0,Safe
VH002,Petrol,Passenger Car,2026-07-24 19:09:11.213000,179.9,148.9,373.2,1.7,7.0,5.03,54.6,60.3,Safe
VH002,Petrol,Passenger Car,2026-07-24 19:09:26.213000,106.4,187.3,411.4,4.48,23.2,0.23,72.6,61.8,Safe
VH002,Petrol,Passenger Car,2026-07-24 19:09:41.213000,91.7,167.7,406.6,6.59,39.1,0.0,51.6,67.1,Safe
VH002,Petrol,Passenger Car,2026-07-24 19:09:56.213000,102.3,262.7,397.9,0.0,55.3,1.08,46.2,60.0,Safe
VH002,Petrol,Passenger Car,2026-07-24 19:10:11.213000,214.4,92.7,402.6,1.75,9.4,7.29,56.0,40.4,Safe
VH002,Petrol,Passenger Car,2026-07-24 19:10:26.213000,85.5,154.4,510.7,2.86,9.4,6.04,71.4,53.5,Safe
VH002,Petrol,Passenger Car,2026-07-24 19:10:41.213000,154.6,183.1,502.2,2.95,16.2,1.39,75.5,61.1,Safe
VH002,Petrol,Passenger Car,2026-07-24 19:10:56.213000,175.0,251.5,464.1,6.17,61.6,2.26,68.7,56.8,Safe
VH002,Petrol,Passenger Car,2026-07-24 19:11:11.213000,128.3,190.4,402.6,2.11,6.3,2.12,66.0,54.0,Safe
VH002,Petrol,Passenger Car,2026-07-24 19:11:26.213000,146.3,130.2,530.9,6.01,23.3,5.99,51.6,39.7,Safe
VH002,Petrol,Passenger Car,2026-07-24 19:11:41.213000,175.9,250.8,546.6,0.22,47.9,6.34,47.0,65.3,Safe
VH002,Petrol,Passenger Car,2026-07-24 19:11:56.213000,203.4,84.3,467.2,2.93,23.3,7.29,71.4,68.3,Safe
VH002,Petrol,Passenger Car,2026-07-24 19:12:11.213000,175.1,276.2,418.5,2.02,8.6,6.36,67.1,67.7,Safe
VH002,Petrol,Passenger Car,2026-07-24 19:12:26.213000,196.6,237.1,395.2,1.79,23.8,2.79,57.8,60.2,Safe
VH002,Petrol,Passenger Car,2026-07-24 19:12:41.213000,176.1,222.6,426.8,3.91,31.4,8.21,77.1,49.6,Safe
VH002,Petrol,Passenger Car,2026-07-24 19:12:56.213000,149.4,270.3,515.3,2.88,6.1,4.45,68.6,61.7,Safe
VH002,Petrol,Passenger Car,2026-07-24 19:13:11.213000,202.0,162.1,372.6,0.83,36.3,0.0,49.5,46.9,Safe
VH002,Petrol,Passenger Car,2026-07-24 19:13:26.213000,103.3,264.2,537.8,1.01,4.3,7.02,69.4,51.2,Safe
VH002,Petrol,Passenger Car,2026-07-24 19:13:41.213000,189.9,236.3,500.1,4.96,30.8,9.33,47.3,68.0,Safe
VH002,Petrol,Passenger Car,2026-07-24 19:13:56.213000,117.8,169.5,409.9,4.91,9.5,0.35,59.0,60.2,Safe
VH002,Petrol,Passenger Car,2026-07-24 19:14:11.213000,275.1,337.3,671.8,8.61,79.1,15.39,87.0,61.0,Moderate
VH002,Petrol,Passenger Car,2026-07-24 19:14:26.213000,287.3,355.9,717.7,9.48,87.2,16.45,91.4,47.4,Moderate
VH002,Petrol,Passenger Car,2026-07-24 19:14:41.213000,259.3,317.6,624.4,8.11,73.6,15.16,84.8,40.7,Moderate
VH002,Petrol,Passenger Car,2026-07-24 19:14:56.213000,306.7,343.5,726.7,9.44,89.6,18.26,90.3,67.2,Moderate
VH002,Petrol,Passenger Car,2026-07-24 19:15:11.213000,269.5,324.1,691.6,8.96,81.8,16.24,89.4,42.3,Moderate
VH002,Petrol,Passenger Car,2026-07-24 19:15:26.213000,277.0,313.0,647.0,8.08,78.3,13.38,86.2,50.5,Moderate
VH002,Petrol,Passenger Car,2026-07-24 19:15:41.213000,266.8,305.0,650.2,8.11,74.1,12.93,86.6,60.9,Moderate
VH002,Petrol,Passenger Car,2026-07-24 19:15:56.213000,312.6,363.3,744.1,10.12,88.1,18.13,92.3,44.2,Moderate
VH002,Petrol,Passenger Car,2026-07-24 19:16:11.213000,272.2,318.9,657.5,8.52,73.9,14.82,87.9,46.5,Moderate
VH002,Petrol,Passenger Car,2026-07-24 19:16:26.213000,273.9,319.4,632.3,8.34,76.8,15.13,84.9,52.6,Moderate
VH002,Petrol,Passenger Car,2026-07-24 19:16:41.213000,273.4,339.6,678.2,8.64,81.9,16.45,87.2,43.1,Moderate
VH002,Petrol,Passenger Car,2026-07-24 19:16:56.213000,275.7,335.9,707.2,8.98,83.1,16.93,89.0,59.1,Moderate
VH002,Petrol,Passenger Car,2026-07-24 19:17:11.213000,286.4,343.1,681.7,9.15,85.1,16.7,90.4,58.6,Moderate
VH002,Petrol,Passenger Car,2026-07-24 19:17:26.213000,258.4,330.5,647.9,8.76,80.3,14.2,86.9,54.0,Moderate
VH002,Petrol,Passenger Car,2026-07-24 19:17:41.213000,267.0,311.8,655.5,8.86,79.2,15.19,86.9,49.0,Moderate
VH002,Petrol,Passenger Car,2026-07-24 19:17:56.213000,292.7,350.1,733.1,9.05,91.1,16.13,91.8,53.7,Moderate
VH002,Petrol,Passenger Car,2026-07-24 19:18:11.213000,252.5,305.3,634.7,8.21,68.8,11.9,84.5,45.8,Moderate
VH002,Petrol,Passenger Car,2026-07-24 19:18:26.213000,290.7,350.9,726.0,9.68,90.4,17.41,91.8,49.7,Moderate
VH002,Petrol,Passenger Car,2026-07-24 19:18:41.213000,243.9,321.2,625.2,8.17,76.0,13.52,85.1,68.3,Moderate
VH002,Petrol,Passenger Car,2026-07-24 19:18:56.213000,271.8,320.7,664.6,8.47,81.5,13.9,85.7,61.5,Moderate
VH002,Petrol,Passenger Car,2026-07-24 19:19:11.213000,494.4,540.4,1407.7,22.22,196.4,43.61,127.9,55.8,Poor
VH002,Petrol,Passenger Car,2026-07-24 19:19:26.213000,294.5,356.8,749.0,9.74,94.8,18.28,93.1,50.6,Moderate
VH002,Petrol,Passenger Car,2026-07-24 19:19:41.213000,492.4,550.7,1390.1,21.94,186.8,42.49,129.9,53.5,Poor
VH002,Petrol,Passenger Car,2026-07-24 19:19:56.213000,289.0,333.2,691.4,9.17,83.8,16.34,86.6,46.5,Moderate
VH002,Petrol,Passenger Car,2026-07-24 19:20:11.213000,310.8,345.9,736.0,9.89,87.8,17.03,88.5,57.5,Moderate
VH002,Petrol,Passenger Car,2026-07-24 19:20:26.213000,494.4,539.3,1407.6,21.88,196.1,43.41,128.2,57.8,Poor
VH002,Petrol,Passenger Car,2026-07-24 19:20:41.213000,289.8,346.8,702.4,9.04,90.1,16.26,90.0,44.9,Moderate
VH002,Petrol,Passenger Car,2026-07-24 19:20:56.213000,290.0,357.4,726.7,9.48,86.0,17.07,89.6,43.2,Moderate
VH002,Petrol,Passenger Car,2026-07-24 19:21:11.213000,293.2,358.9,731.1,9.74,87.3,16.67,90.8,68.2,Moderate
VH002,Petrol,Passenger Car,2026-07-24 19:21:26.213000,275.9,316.1,665.4,8.36,77.7,14.75,87.7,67.7,Moderate
VH002,Petrol,Passenger Car,2026-07-24 19:21:41.213000,287.4,335.1,680.2,8.99,81.9,16.3,86.7,43.4,Moderate
VH002,Petrol,Passenger Car,2026-07-24 19:21:56.213000,285.0,343.2,686.2,8.53,80.9,16.08,88.9,58.0,Moderate
VH002,Petrol,Passenger Car,2026-07-24 19:22:11.213000,498.9,535.8,1409.1,22.43,195.6,44.76,127.8,65.7,Poor
VH002,Petrol,Passenger Car,2026-07-24 19:22:26.213000,291.7,351.7,708.5,8.96,90.3,16.48,88.0,67.3,Moderate
VH002,Petrol,Passenger Car,2026-07-24 19:22:41.213000,252.4,313.7,646.7,8.32,75.8,13.29,85.5,48.2,Moderate
VH003,CNG,City Bus,2026-07-24 18:36:41.213000,176.1,136.2,428.3,1.01,8.9,6.06,74.0,50.2,Safe
VH003,CNG,City Bus,2026-07-24 18:36:56.213000,207.2,138.6,517.2,4.56,21.3,4.27,64.3,56.0,Safe
VH003,CNG,City Bus,2026-07-24 18:37:11.213000,193.9,122.3,463.8,2.81,11.3,0.0,67.6,66.4,Safe
VH003,CNG,City Bus,2026-07-24 18:37:26.213000,232.9,107.4,491.8,2.63,30.4,4.69,55.0,40.5,Safe
VH003,CNG,City Bus,2026-07-24 18:37:41.213000,262.6,89.9,444.1,0.17,20.7,3.17,68.8,43.4,Safe
VH003,CNG,City Bus,2026-07-24 18:37:56.213000,174.2,130.5,522.8,1.46,41.1,7.79,71.4,39.0,Safe
VH003,CNG,City Bus,2026-07-24 18:38:11.213000,154.6,180.8,353.1,1.69,17.1,3.51,51.4,63.0,Safe
VH003,CNG,City Bus,2026-07-24 18:38:26.213000,265.4,198.9,437.1,0.0,41.1,4.17,83.4,52.2,Safe
VH003,CNG,City Bus,2026-07-24 18:38:41.213000,233.9,173.8,531.7,3.74,20.6,0.43,50.9,60.3,Safe
VH003,CNG,City Bus,2026-07-24 18:38:56.213000,221.4,129.0,433.9,3.03,30.9,8.39,51.6,55.2,Safe
VH003,CNG,City Bus,2026-07-24 18:39:11.213000,278.3,181.6,396.3,3.85,31.3,1.55,54.8,52.1,Safe
VH003,CNG,City Bus,2026-07-24 18:39:26.213000,199.0,115.1,387.4,0.82,28.8,5.35,56.8,47.5,Safe
VH003,CNG,City Bus,2026-07-24 18:39:41.213000,212.4,171.3,453.6,0.0,44.0,5.12,55.6,39.9,Safe
VH003,CNG,City Bus,2026-07-24 18:39:56.213000,244.5,120.8,347.7,0.0,18.2,7.56,66.2,38.3,Safe
VH003,CNG,City Bus,2026-07-24 18:40:11.213000,243.2,177.8,471.8,1.53,12.6,4.45,73.4,66.3,Safe
VH003,CNG,City Bus,2026-07-24 18:40:26.213000,245.9,218.0,486.5,3.35,50.3,4.26,72.2,44.2,Safe
VH003,CNG,City Bus,2026-07-24 18:40:41.213000,291.8,156.0,444.7,6.38,21.3,9.81,78.4,63.0,Safe
VH003,CNG,City Bus,2026-07-24 18:40:56.213000,211.8,143.2,417.4,0.65,19.5,5.97,55.2,40.4,Safe
VH003,CNG,City Bus,2026-07-24 18:41:11.213000,180.9,263.8,445.4,4.26,37.0,7.85,54.4,69.7,Safe
VH003,CNG,City Bus,2026-07-24 18:41:26.213000,249.7,221.8,423.0,2.68,50.0,7.23,67.7,58.4,Safe
VH003,CNG,City Bus,2026-07-24 18:41:41.213000,273.2,236.0,441.4,2.1,10.2,5.83,76.0,51.7,Safe
VH003,CNG,City Bus,2026-07-24 18:41:56.213000,268.4,150.6,496.0,2.61,16.2,2.13,72.6,44.1,Safe
VH003,CNG,City Bus,2026-07-24 18:42:11.213000,283.4,237.7,466.8,2.5,19.3,7.09,57.4,58.3,Safe
VH003,CNG,City Bus,2026-07-24 18:42:26.213000,219.2,216.9,348.2,1.95,11.2,5.75,77.5,47.7,Safe
VH003,CNG,City Bus,2026-07-24 18:42:41.213000,200.9,93.1,519.2,3.07,31.0,3.91,79.4,66.2,Safe
VH003,CNG,City Bus,2026-07-24 18:42:56.213000,252.5,79.7,394.3,6.65,9.2,8.03,69.0,55.7,Safe
VH003,CNG,City Bus,2026-07-24 18:43:11.213000,148.2,242.0,388.2,4.07,36.6,4.9,58.3,65.0,Safe
VH003,CNG,City Bus,2026-07-24 18:43:26.213000,168.4,196.2,377.8,1.58,37.1,0.88,56.8,53.4,Safe
VH003,CNG,City Bus,2026-07-24 18:43:41.213000,167.4,112.7,398.1,3.78,44.3,2.4,63.4,39.1,Safe
VH003,CNG,City Bus,2026-07-24 18:43:56.213000,260.8,114.0,486.6,0.25,26.5,2.65,56.6,61.7,Safe
VH003,CNG,City Bus,2026-07-24 18:44:11.213000,207.2,148.3,414.1,4.38,51.4,1.81,70.3,60.3,Safe
VH003,CNG,City Bus,2026-07-24 18:44:26.213000,164.9,254.5,380.7,1.54,36.6,7.52,70.4,66.8,Safe
VH003,CNG,City Bus,2026-07-24 18:44:41.213000,168.3,197.7,392.2,1.82,40.2,4.17,70.8,45.4,Safe
VH003,CNG,City Bus,2026-07-24 18:44:56.213000,211.8,252.4,386.1,0.37,37.1,3.74,54.5,50.2,Safe
VH003,CNG,City Bus,2026-07-24 18:45:11.213000,203.1,236.2,479.2,3.72,38.9,1.69,78.1,53.5,Safe
VH003,CNG,City Bus,2026-07-24 18:45:26.213000,145.2,158.0,471.0,2.69,36.6,0.0,66.8,66.9,Safe
VH003,CNG,City Bus,2026-07-24 18:45:41.213000,353.2,243.7,376.1,4.27,8.8,12.72,77.8,56.1,Safe
VH003,CNG,City Bus,2026-07-24 18:45:56.213000,129.6,128.2,364.5,2.5,22.8,3.15,82.1,46.3,Safe
VH003,CNG,City Bus,2026-07-24 18:46:11.213000,283.1,233.6,417.3,4.38,36.2,1.2,56.3,52.6,Safe
VH003,CNG,City Bus,2026-07-24 18:46:26.213000,222.6,255.4,354.7,2.07,49.6,1.65,66.4,52.2,Safe
VH003,CNG,City Bus,2026-07-24 18:46:41.213000,138.3,181.7,440.9,1.07,31.3,6.03,84.9,46.6,Safe
VH003,CNG,City Bus,2026-07-24 18:46:56.213000,143.1,148.1,415.3,2.87,32.7,5.07,66.5,48.3,Safe
VH003,CNG,City Bus,2026-07-24 18:47:11.213000,127.1,174.7,449.4,4.53,43.9,2.57,53.9,53.2,Safe
VH003,CNG,City Bus,2026-07-24 18:47:26.213000,138.7,127.2,497.7,4.82,17.3,0.67,74.2,40.5,Safe
VH003,CNG,City Bus,2026-07-24 18:47:41.213000,178.9,227.1,350.2,1.45,50.5,4.54,58.8,42.2,Safe
VH003,CNG,City Bus,2026-07-24 18:47:56.213000,141.4,128.7,420.7,4.23,44.6,6.07,72.5,51.3,Safe
VH003,CNG,City Bus,2026-07-24 18:48:11.213000,184.9,155.6,381.4,3.32,19.9,2.83,81.1,59.5,Safe
VH003,CNG,City Bus,2026-07-24 18:48:26.213000,223.7,153.8,392.9,4.25,34.0,1.91,74.4,55.6,Safe
VH003,CNG,City Bus,2026-07-24 18:48:41.213000,198.2,235.1,506.0,1.98,8.5,7.39,59.4,48.7,Safe
VH003,CNG,City Bus,2026-07-24 18:48:56.213000,289.1,109.7,361.6,8.4,34.4,7.9,77.4,51.0,Safe
VH003,CNG,City Bus,2026-07-24 18:49:11.213000,161.9,219.9,474.6,0.7,50.4,0.0,56.0,42.8,Safe
VH003,CNG,City Bus,2026-07-24 18:49:26.213000,213.3,235.8,362.9,2.44,8.6,3.46,66.0,40.1,Safe
VH003,CNG,City Bus,2026-07-24 18:49:41.213000,132.1,183.6,426.3,0.82,40.5,5.11,67.4,65.1,Safe
VH003,CNG,City Bus,2026-07-24 18:49:56.213000,153.3,258.1,495.6,2.13,40.6,2.11,58.9,42.2,Safe
VH003,CNG,City Bus,2026-07-24 18:50:11.213000,149.9,234.1,462.0,0.69,44.2,0.23,67.1,50.0,Safe
VH003,CNG,City Bus,2026-07-24 18:50:26.213000,217.1,226.0,360.2,4.8,19.8,7.5,82.0,58.3,Safe
VH003,CNG,City Bus,2026-07-24 18:50:41.213000,237.4,170.4,461.1,1.83,16.0,5.12,79.2,57.3,Safe
VH003,CNG,City Bus,2026-07-24 18:50:56.213000,117.1,224.3,379.2,0.87,12.8,8.39,77.8,52.6,Safe
VH003,CNG,City Bus,2026-07-24 18:51:11.213000,212.6,194.5,370.2,1.76,38.0,7.02,54.4,49.9,Safe
VH003,CNG,City Bus,2026-07-24 18:51:26.213000,241.2,253.9,373.5,1.5,30.5,3.43,81.0,59.1,Safe
VH003,CNG,City Bus,2026-07-24 18:51:41.213000,229.6,180.7,510.0,1.07,28.7,4.8,65.1,64.2,Safe
VH003,CNG,City Bus,2026-07-24 18:51:56.213000,181.6,132.5,399.5,4.14,15.4,6.21,68.2,53.4,Safe
VH003,CNG,City Bus,2026-07-24 18:52:11.213000,223.4,215.5,498.7,0.72,24.1,1.8,64.4,43.0,Safe
VH003,CNG,City Bus,2026-07-24 18:52:26.213000,185.9,226.8,470.0,1.65,43.5,3.69,49.5,67.0,Safe
VH003,CNG,City Bus,2026-07-24 18:52:41.213000,162.2,120.3,508.1,3.42,6.5,7.02,61.6,45.3,Safe
VH003,CNG,City Bus,2026-07-24 18:52:56.213000,259.1,121.3,399.6,0.07,43.6,6.32,60.1,66.8,Safe
VH003,CNG,City Bus,2026-07-24 18:53:11.213000,226.7,259.4,384.8,0.27,10.4,1.94,84.2,53.8,Safe
VH003,CNG,City Bus,2026-07-24 18:53:26.213000,153.3,179.7,497.1,1.42,31.0,3.55,76.0,47.9,Safe
VH003,CNG,City Bus,2026-07-24 18:53:41.213000,127.4,119.6,488.5,1.22,21.3,3.34,64.3,47.4,Safe
VH003,CNG,City Bus,2026-07-24 18:53:56.213000,180.5,161.4,383.9,0.94,15.0,2.91,55.5,64.9,Safe
VH003,CNG,City Bus,2026-07-24 18:54:11.213000,146.0,122.1,445.2,0.15,14.1,3.35,53.9,56.4,Safe
VH003,CNG,City Bus,2026-07-24 18:54:26.213000,251.7,159.6,391.0,0.47,36.4,6.8,75.2,44.2,Safe
VH003,CNG,City Bus,2026-07-24 18:54:41.213000,244.8,172.6,469.1,0.28,10.5,7.6,56.3,55.3,Safe
VH003,CNG,City Bus,2026-07-24 18:54:56.213000,134.3,88.3,436.1,0.89,46.9,2.59,66.7,59.1,Safe
VH003,CNG,City Bus,2026-07-24 18:55:11.213000,267.1,91.9,496.1,4.46,25.4,7.86,58.0,57.7,Safe
VH003,CNG,City Bus,2026-07-24 18:55:26.213000,257.0,255.5,409.4,1.54,41.2,2.12,68.5,65.2,Safe
VH003,CNG,City Bus,2026-07-24 18:55:41.213000,150.5,115.9,480.6,1.33,7.1,3.42,66.2,41.9,Safe
VH003,CNG,City Bus,2026-07-24 18:55:56.213000,160.8,87.5,432.0,1.55,10.9,0.0,75.0,41.7,Safe
VH003,CNG,City Bus,2026-07-24 18:56:11.213000,188.8,237.1,510.2,4.6,46.2,6.02,56.9,52.1,Safe
VH003,CNG,City Bus,2026-07-24 18:56:26.213000,269.6,238.0,364.2,1.2,25.5,7.58,80.7,62.9,Safe
VH003,CNG,City Bus,2026-07-24 18:56:41.213000,139.3,136.9,443.7,2.83,19.1,5.62,61.6,64.2,Safe
VH003,CNG,City Bus,2026-07-24 18:56:56.213000,194.1,175.3,378.0,0.0,7.6,7.18,80.9,55.5,Safe
VH003,CNG,City Bus,2026-07-24 18:57:11.213000,140.1,254.1,502.7,3.04,43.3,3.19,51.1,49.3,Safe
VH003,CNG,City Bus,2026-07-24 18:57:26.213000,163.5,227.5,389.2,3.61,14.5,0.69,81.6,64.4,Safe
VH003,CNG,City Bus,2026-07-24 18:57:41.213000,250.7,186.3,477.7,3.93,25.6,5.37,53.6,64.3,Safe
VH003,CNG,City Bus,2026-07-24 18:57:56.213000,260.3,200.4,502.4,0.0,35.8,0.38,73.8,39.8,Safe
VH003,CNG,City Bus,2026-07-24 18:58:11.213000,266.4,143.5,385.9,2.59,42.5,6.38,76.8,55.3,Safe
VH003,CNG,City Bus,2026-07-24 18:58:26.213000,264.4,160.6,428.8,2.62,21.8,1.85,62.6,45.2,Safe
VH003,CNG,City Bus,2026-07-24 18:58:41.213000,266.4,105.9,494.9,1.15,43.2,3.72,53.4,59.6,Safe
VH003,CNG,City Bus,2026-07-24 18:58:56.213000,228.4,263.8,458.1,4.27,44.0,6.67,62.2,61.7,Safe
VH003,CNG,City Bus,2026-07-24 18:59:11.213000,207.2,238.9,503.7,4.6,8.7,4.17,73.5,48.2,Safe
VH003,CNG,City Bus,2026-07-24 18:59:26.213000,170.7,91.4,424.9,3.18,15.5,7.37,76.2,52.3,Safe
VH003,CNG,City Bus,2026-07-24 18:59:41.213000,230.7,181.1,487.0,3.78,36.1,6.42,58.4,54.6,Safe
VH003,CNG,City Bus,2026-07-24 18:59:56.213000,246.6,120.2,488.3,1.08,41.4,6.63,54.6,40.6,Safe
VH003,CNG,City Bus,2026-07-24 19:00:11.213000,233.4,209.2,464.4,3.13,25.7,7.55,77.4,52.0,Safe
VH003,CNG,City Bus,2026-07-24 19:00:26.213000,240.1,139.5,385.2,1.06,30.0,3.52,83.8,48.9,Safe
VH003,CNG,City Bus,2026-07-24 19:00:41.213000,188.6,106.2,432.9,4.56,29.4,0.84,58.3,43.1,Safe
VH003,CNG,City Bus,2026-07-24 19:00:56.213000,210.6,99.2,469.3,0.68,26.3,5.36,83.9,39.7,Safe
VH003,CNG,City Bus,2026-07-24 19:01:11.213000,237.5,267.4,464.0,1.15,42.5,4.81,84.0,53.9,Safe
VH003,CNG,City Bus,2026-07-24 19:01:26.213000,156.0,199.3,520.2,0.0,28.4,5.65,53.6,55.4,Safe
VH003,CNG,City Bus,2026-07-24 19:01:41.213000,213.1,234.1,425.6,0.88,47.3,4.52,62.6,58.7,Safe
VH003,CNG,City Bus,2026-07-24 19:01:56.213000,128.5,164.1,488.9,1.85,22.1,5.4,82.6,57.6,Safe
VH003,CNG,City Bus,2026-07-24 19:02:11.213000,252.3,139.7,413.4,4.39,15.3,6.95,78.1,47.5,Safe
VH003,CNG,City Bus,2026-07-24 19:02:26.213000,313.8,133.4,426.1,5.95,35.5,10.39,69.6,64.4,Safe
VH003,CNG,City Bus,2026-07-24 19:02:41.213000,243.0,158.1,458.5,4.64,32.6,7.13,54.1,46.8,Safe
VH003,CNG,City Bus,2026-07-24 19:02:56.213000,266.5,213.7,451.0,4.77,31.8,0.94,79.1,66.0,Safe
VH003,CNG,City Bus,2026-07-24 19:03:11.213000,217.7,115.5,396.3,1.36,48.4,2.52,52.7,51.3,Safe
VH003,CNG,City Bus,2026-07-24 19:03:26.213000,158.9,149.8,449.0,0.79,9.2,4.79,84.5,50.4,Safe
VH003,CNG,City Bus,2026-07-24 19:03:41.213000,244.9,143.9,384.2,2.26,25.8,4.74,49.4,59.7,Safe
VH003,CNG,City Bus,2026-07-24 19:03:56.213000,117.1,115.7,508.2,4.51,25.3,2.88,61.3,63.9,Safe
VH003,CNG,City Bus,2026-07-24 19:04:11.213000,281.5,193.1,443.9,4.21,29.3,0.39,54.1,68.0,Safe
VH003,CNG,City Bus,2026-07-24 19:04:26.213000,209.2,224.9,514.9,4.09,45.2,2.86,80.5,62.3,Safe
VH003,CNG,City Bus,2026-07-24 19:04:41.213000,208.6,128.8,442.6,0.5,47.3,7.58,65.8,48.7,Safe
VH003,CNG,City Bus,2026-07-24 19:04:56.213000,191.0,254.6,411.2,3.74,44.4,7.7,63.9,56.0,Safe
VH003,CNG,City Bus,2026-07-24 19:05:11.213000,271.2,181.2,487.3,0.14,45.3,1.9,84.9,62.3,Safe
VH003,CNG,City Bus,2026-07-24 19:05:26.213000,250.3,90.0,377.5,1.28,12.9,1.45,58.1,61.2,Safe
VH003,CNG,City Bus,2026-07-24 19:05:41.213000,267.4,111.7,464.7,7.87,51.7,12.56,53.6,59.6,Safe
VH003,CNG,City Bus,2026-07-24 19:05:56.213000,133.4,143.4,466.7,1.49,24.7,6.09,76.4,43.2,Safe
VH003,CNG,City Bus,2026-07-24 19:06:11.213000,242.5,210.3,387.2,4.12,19.5,5.35,59.5,50.9,Safe
VH003,CNG,City Bus,2026-07-24 19:06:26.213000,243.2,240.8,384.4,3.7,34.5,6.62,84.4,48.2,Safe
VH003,CNG,City Bus,2026-07-24 19:06:41.213000,277.8,123.4,428.8,3.75,14.0,3.18,83.4,49.0,Safe
VH003,CNG,City Bus,2026-07-24 19:06:56.213000,171.3,192.5,474.0,3.34,17.9,6.86,58.3,56.6,Safe
VH003,CNG,City Bus,2026-07-24 19:07:11.213000,171.4,105.3,443.8,1.3,45.9,3.81,56.1,45.4,Safe
VH003,CNG,City Bus,2026-07-24 19:07:26.213000,134.4,215.6,375.5,4.11,28.2,6.35,62.7,62.1,Safe
VH003,CNG,City Bus,2026-07-24 19:07:41.213000,220.5,95.7,385.1,4.23,9.7,1.9,58.6,38.6,Safe
VH003,CNG,City Bus,2026-07-24 19:07:56.213000,207.5,125.5,389.8,2.47,20.4,2.15,76.9,39.6,Safe
VH003,CNG,City Bus,2026-07-24 19:08:11.213000,232.1,157.0,435.1,3.47,25.1,2.11,57.4,59.6,Safe
VH003,CNG,City Bus,2026-07-24 19:08:26.213000,255.2,179.8,364.8,5.09,16.5,2.08,82.8,43.7,Safe
VH003,CNG,City Bus,2026-07-24 19:08:41.213000,228.9,189.6,517.5,4.73,18.3,6.63,62.9,42.6,Safe
VH003,CNG,City Bus,2026-07-24 19:08:56.213000,254.3,184.1,410.7,2.06,46.3,7.04,54.7,45.9,Safe
VH003,CNG,City Bus,2026-07-24 19:09:11.213000,188.6,163.7,483.7,1.64,12.3,3.53,69.9,59.1,Safe
VH003,CNG,City Bus,2026-07-24 19:09:26.213000,150.2,215.5,420.6,0.6,34.0,5.27,51.6,68.5,Safe
VH003,CNG,City Bus,2026-07-24 19:09:41.213000,192.4,130.0,512.9,0.68,42.6,0.97,68.8,60.8,Safe
VH003,CNG,City Bus,2026-07-24 19:09:56.213000,271.7,255.0,490.7,2.92,25.6,3.69,69.0,51.8,Safe
VH003,CNG,City Bus,2026-07-24 19:10:11.213000,261.4,139.4,356.2,0.0,31.0,2.8,83.5,54.3,Safe
VH003,CNG,City Bus,2026-07-24 19:10:26.213000,261.1,266.5,422.3,4.13,25.0,1.23,58.4,53.2,Safe
VH003,CNG,City Bus,2026-07-24 19:10:41.213000,259.0,246.1,465.8,0.0,41.2,7.5,82.6,41.2,Safe
VH003,CNG,City Bus,2026-07-24 19:10:56.213000,224.3,163.8,474.0,4.43,16.4,1.95,68.2,66.6,Safe
VH003,CNG,City Bus,2026-07-24 19:11:11.213000,231.6,133.9,469.5,1.01,24.7,3.88,64.4,53.4,Safe
VH003,CNG,City Bus,2026-07-24 19:11:26.213000,238.2,198.6,410.8,1.67,32.5,1.49,52.9,48.1,Safe
VH003,CNG,City Bus,2026-07-24 19:11:41.213000,166.5,173.8,496.5,3.45,36.8,2.71,82.3,52.9,Safe
VH003,CNG,City Bus,2026-07-24 19:11:56.213000,162.7,136.3,483.1,0.16,34.5,5.81,84.5,58.1,Safe
VH003,CNG,City Bus,2026-07-24 19:12:11.213000,141.4,206.9,410.0,2.65,42.4,5.04,59.2,55.5,Safe
VH003,CNG,City Bus,2026-07-24 19:12:26.213000,256.8,218.9,477.1,4.08,32.5,1.68,81.0,46.9,Safe
VH003,CNG,City Bus,2026-07-24 19:12:41.213000,269.2,150.9,477.7,3.81,24.2,4.85,53.3,53.4,Safe
VH003,CNG,City Bus,2026-07-24 19:12:56.213000,213.4,150.3,440.7,1.56,24.4,7.52,75.5,51.5,Safe
VH003,CNG,City Bus,2026-07-24 19:13:11.213000,166.1,123.4,516.8,2.44,11.0,6.64,75.9,50.6,Safe
VH003,CNG,City Bus,2026-07-24 19:13:26.213000,258.3,249.0,424.2,0.9,35.6,5.78,60.2,66.4,Safe
VH003,CNG,City Bus,2026-07-24 19:13:41.213000,227.2,214.6,368.5,4.57,44.4,6.6,56.5,49.8,Safe
VH003,CNG,City Bus,2026-07-24 19:13:56.213000,251.3,181.8,395.4,1.17,44.1,5.27,59.2,53.9,Safe
VH003,CNG,City Bus,2026-07-24 19:14:11.213000,301.0,155.7,471.1,6.21,9.5,17.14,75.9,57.5,Safe
VH003,CNG,City Bus,2026-07-24 19:14:26.213000,252.6,259.6,501.5,1.06,20.2,2.14,63.6,42.5,Safe
VH003,CNG,City Bus,2026-07-24 19:14:41.213000,284.7,139.5,467.6,3.88,8.1,0.0,55.0,68.3,Safe
VH003,CNG,City Bus,2026-07-24 19:14:56.213000,277.2,173.0,441.2,3.48,51.6,11.48,63.1,47.1,Safe
VH003,CNG,City Bus,2026-07-24 19:15:11.213000,263.6,158.4,437.8,1.75,18.7,5.34,61.7,64.7,Safe
VH003,CNG,City Bus,2026-07-24 19:15:26.213000,146.8,200.4,476.7,1.15,12.6,5.0,79.0,39.7,Safe
VH003,CNG,City Bus,2026-07-24 19:15:41.213000,284.3,124.7,512.5,3.95,42.1,2.85,80.5,66.0,Safe
VH003,CNG,City Bus,2026-07-24 19:15:56.213000,241.8,108.5,411.6,7.03,50.8,12.57,63.3,43.3,Safe
VH003,CNG,City Bus,2026-07-24 19:16:11.213000,290.9,192.1,423.9,3.5,32.9,17.03,53.6,64.3,Safe
VH003,CNG,City Bus,2026-07-24 19:16:26.213000,222.3,123.5,378.0,3.71,30.2,0.0,81.7,44.6,Safe
VH003,CNG,City Bus,2026-07-24 19:16:41.213000,261.8,216.3,438.7,0.62,41.6,4.5,64.9,59.7,Safe
VH003,CNG,City Bus,2026-07-24 19:16:56.213000,331.8,297.6,612.1,6.57,66.2,12.26,89.8,68.9,Moderate
VH003,CNG,City Bus,2026-07-24 19:17:11.213000,357.0,327.4,622.1,7.09,66.7,13.61,92.3,48.1,Moderate
VH003,CNG,City Bus,2026-07-24 19:17:26.213000,375.5,335.2,679.6,7.25,70.9,13.98,93.2,42.1,Moderate
VH003,CNG,City Bus,2026-07-24 19:17:41.213000,378.4,342.6,677.0,7.39,76.9,14.42,95.3,39.7,Moderate
VH003,CNG,City Bus,2026-07-24 19:17:56.213000,334.4,312.3,612.1,6.16,60.2,9.48,91.2,61.1,Moderate
VH003,CNG,City Bus,2026-07-24 19:18:11.213000,395.5,360.8,688.8,7.84,76.4,12.5,96.9,57.7,Moderate
VH003,CNG,City Bus,2026-07-24 19:18:26.213000,355.0,331.1,634.8,6.86,70.0,12.82,92.8,57.6,Moderate
VH003,CNG,City Bus,2026-07-24 19:18:41.213000,404.1,362.9,698.4,7.89,77.7,15.5,94.7,57.9,Moderate
VH003,CNG,City Bus,2026-07-24 19:18:56.213000,401.0,350.5,699.1,7.87,77.8,13.07,94.9,65.8,Moderate
VH003,CNG,City Bus,2026-07-24 19:19:11.213000,214.5,124.5,378.5,1.59,45.9,4.11,81.3,43.8,Safe
VH003,CNG,City Bus,2026-07-24 19:19:26.213000,258.8,107.6,419.0,4.43,6.9,3.78,82.0,48.7,Safe
VH003,CNG,City Bus,2026-07-24 19:19:41.213000,378.4,339.8,664.7,7.19,66.7,12.71,94.1,61.8,Moderate
VH003,CNG,City Bus,2026-07-24 19:19:56.213000,282.3,164.9,502.1,3.02,22.7,0.2,49.9,64.6,Safe
VH003,CNG,City Bus,2026-07-24 19:20:11.213000,275.8,197.8,441.0,1.11,28.8,7.93,76.6,66.8,Safe
VH003,CNG,City Bus,2026-07-24 19:20:26.213000,322.2,298.2,601.5,5.93,63.7,9.31,88.8,53.2,Moderate
VH003,CNG,City Bus,2026-07-24 19:20:41.213000,341.7,291.5,599.0,6.16,57.4,10.96,91.1,41.3,Moderate
VH003,CNG,City Bus,2026-07-24 19:20:56.213000,255.9,180.1,368.9,1.62,12.6,7.45,71.5,42.6,Safe
VH003,CNG,City Bus,2026-07-24 19:21:11.213000,202.9,229.6,474.4,4.95,9.9,2.37,81.6,55.0,Safe
VH003,CNG,City Bus,2026-07-24 19:21:26.213000,163.9,107.4,448.2,2.44,35.6,6.22,61.3,44.9,Safe
VH003,CNG,City Bus,2026-07-24 19:21:41.213000,249.8,129.5,395.7,2.92,33.9,6.72,51.1,57.6,Safe
VH003,CNG,City Bus,2026-07-24 19:21:56.213000,195.2,108.8,418.3,0.97,28.7,4.44,51.1,67.7,Safe
VH003,CNG,City Bus,2026-07-24 19:22:11.213000,173.4,238.3,497.1,0.35,30.1,2.49,81.4,45.0,Safe
VH003,CNG,City Bus,2026-07-24 19:22:26.213000,175.8,260.3,475.9,0.69,23.4,1.5,55.0,58.4,Safe
VH003,CNG,City Bus,2026-07-24 19:22:41.213000,183.1,251.5,384.9,2.43,41.0,4.58,58.3,57.8,Safe
VH004,Diesel,Delivery Van,2026-07-24 18:36:41.213000,241.5,240.3,486.9,6.74,65.5,17.09,63.3,39.3,Safe
VH004,Diesel,Delivery Van,2026-07-24 18:36:56.213000,162.9,183.2,583.3,8.89,87.7,7.69,85.1,44.5,Safe
VH004,Diesel,Delivery Van,2026-07-24 18:37:11.213000,233.1,209.6,463.8,7.52,27.0,11.76,85.8,62.3,Safe
VH004,Diesel,Delivery Van,2026-07-24 18:37:26.213000,259.6,222.9,512.7,0.69,62.9,17.3,90.4,40.7,Safe
VH004,Diesel,Delivery Van,2026-07-24 18:37:41.213000,299.6,278.6,601.3,6.14,42.8,7.33,60.2,40.8,Safe
VH004,Diesel,Delivery Van,2026-07-24 18:37:56.213000,183.9,242.0,469.0,7.6,40.2,8.63,89.4,46.0,Safe
VH004,Diesel,Delivery Van,2026-07-24 18:38:11.213000,243.1,107.7,521.9,2.68,75.4,4.78,67.5,54.2,Safe
VH004,Diesel,Delivery Van,2026-07-24 18:38:26.213000,210.4,179.4,562.1,10.05,68.3,11.95,83.3,59.6,Safe
VH004,Diesel,Delivery Van,2026-07-24 18:38:41.213000,257.4,330.7,528.1,7.11,62.7,9.93,81.1,43.9,Safe
VH004,Diesel,Delivery Van,2026-07-24 18:38:56.213000,188.4,155.5,422.7,0.02,32.5,10.62,72.0,46.0,Safe
VH004,Diesel,Delivery Van,2026-07-24 18:39:11.213000,193.9,277.2,445.4,4.02,76.5,10.94,70.4,45.8,Safe
VH004,Diesel,Delivery Van,2026-07-24 18:39:26.213000,145.3,280.9,561.1,0.21,17.1,3.04,78.2,56.9,Safe
VH004,Diesel,Delivery Van,2026-07-24 18:39:41.213000,267.3,264.2,433.2,1.35,26.0,15.25,70.4,35.5,Safe
VH004,Diesel,Delivery Van,2026-07-24 18:39:56.213000,271.7,232.4,446.8,3.96,71.5,1.63,58.6,42.3,Safe
VH004,Diesel,Delivery Van,2026-07-24 18:40:11.213000,207.0,269.9,603.0,3.59,77.7,11.85,65.4,47.2,Safe
VH004,Diesel,Delivery Van,2026-07-24 18:40:26.213000,143.7,192.3,625.7,5.18,70.3,9.76,67.9,49.2,Safe
VH004,Diesel,Delivery Van,2026-07-24 18:40:41.213000,183.5,208.2,622.4,5.54,27.4,1.97,65.7,52.7,Safe
VH004,Diesel,Delivery Van,2026-07-24 18:40:56.213000,194.3,137.1,456.9,7.98,33.1,11.47,85.8,56.2,Safe
VH004,Diesel,Delivery Van,2026-07-24 18:41:11.213000,176.9,302.4,436.2,3.24,64.6,4.83,62.9,62.4,Safe
VH004,Diesel,Delivery Van,2026-07-24 18:41:26.213000,113.2,266.7,430.9,6.96,84.5,8.06,65.1,54.2,Safe
VH004,Diesel,Delivery Van,2026-07-24 18:41:41.213000,225.0,194.0,490.7,9.33,36.3,7.27,66.5,52.2,Safe
VH004,Diesel,Delivery Van,2026-07-24 18:41:56.213000,191.9,292.8,419.7,3.84,40.9,15.54,87.1,51.1,Safe
VH004,Diesel,Delivery Van,2026-07-24 18:42:11.213000,181.5,208.4,430.0,1.85,28.5,15.41,77.6,47.1,Safe
VH004,Diesel,Delivery Van,2026-07-24 18:42:26.213000,273.9,176.9,485.0,0.85,22.2,6.14,60.3,34.6,Safe
VH004,Diesel,Delivery Van,2026-07-24 18:42:41.213000,363.5,191.4,400.6,7.87,61.4,26.31,90.0,44.1,Safe
VH004,Diesel,Delivery Van,2026-07-24 18:42:56.213000,207.4,246.9,411.5,2.99,18.1,1.24,92.2,53.5,Safe
VH004,Diesel,Delivery Van,2026-07-24 18:43:11.213000,180.6,198.8,582.0,2.47,19.5,6.93,76.4,39.0,Safe
VH004,Diesel,Delivery Van,2026-07-24 18:43:26.213000,286.3,135.1,589.2,8.79,55.3,0.37,62.6,53.4,Safe
VH004,Diesel,Delivery Van,2026-07-24 18:43:41.213000,113.3,191.8,524.0,7.82,66.5,6.1,90.7,38.6,Safe
VH004,Diesel,Delivery Van,2026-07-24 18:43:56.213000,348.0,303.3,611.8,9.35,38.6,5.32,65.6,35.6,Safe
VH004,Diesel,Delivery Van,2026-07-24 18:44:11.213000,230.7,177.6,462.4,0.94,46.0,6.98,80.3,61.7,Safe
VH004,Diesel,Delivery Van,2026-07-24 18:44:26.213000,302.4,120.9,603.3,1.18,87.8,16.2,63.2,49.4,Safe
VH004,Diesel,Delivery Van,2026-07-24 18:44:41.213000,229.2,130.3,431.6,5.03,24.3,7.34,62.4,58.3,Safe
VH004,Diesel,Delivery Van,2026-07-24 18:44:56.213000,128.9,291.6,611.5,8.98,55.7,6.19,64.0,45.2,Safe
VH004,Diesel,Delivery Van,2026-07-24 18:45:11.213000,221.8,149.8,435.3,5.09,73.3,6.47,78.6,57.2,Safe
VH004,Diesel,Delivery Van,2026-07-24 18:45:26.213000,152.9,143.2,566.2,2.04,27.1,9.1,65.0,54.6,Safe
VH004,Diesel,Delivery Van,2026-07-24 18:45:41.213000,222.8,201.4,500.1,1.62,28.2,12.97,82.1,50.2,Safe
VH004,Diesel,Delivery Van,2026-07-24 18:45:56.213000,245.1,158.3,491.4,2.13,32.1,8.85,70.2,56.2,Safe
VH004,Diesel,Delivery Van,2026-07-24 18:46:11.213000,233.0,327.9,616.6,0.45,13.9,2.26,76.8,47.6,Safe
VH004,Diesel,Delivery Van,2026-07-24 18:46:26.213000,129.0,313.9,594.5,3.52,29.1,6.2,66.2,43.0,Safe
VH004,Diesel,Delivery Van,2026-07-24 18:46:41.213000,116.8,195.0,586.9,4.49,52.6,5.57,74.7,33.3,Safe
VH004,Diesel,Delivery Van,2026-07-24 18:46:56.213000,297.5,253.9,573.7,2.76,38.5,8.19,62.6,39.0,Safe
VH004,Diesel,Delivery Van,2026-07-24 18:47:11.213000,137.4,256.1,457.4,9.47,68.6,8.12,59.4,41.1,Safe
VH004,Diesel,Delivery Van,2026-07-24 18:47:26.213000,113.8,311.5,440.8,2.08,18.1,1.19,76.5,57.6,Safe
VH004,Diesel,Delivery Van,2026-07-24 18:47:41.213000,179.2,111.6,488.1,1.79,87.3,17.1,77.3,38.7,Safe
VH004,Diesel,Delivery Van,2026-07-24 18:47:56.213000,271.1,328.5,601.8,9.1,21.7,7.11,60.5,36.1,Safe
VH004,Diesel,Delivery Van,2026-07-24 18:48:11.213000,241.4,107.9,463.1,0.28,37.8,4.04,63.5,53.0,Safe
VH004,Diesel,Delivery Van,2026-07-24 18:48:26.213000,298.1,315.6,413.3,2.87,22.8,9.17,81.8,64.5,Safe
VH004,Diesel,Delivery Van,2026-07-24 18:48:41.213000,156.8,226.4,431.4,8.73,88.7,11.08,80.4,57.9,Safe
VH004,Diesel,Delivery Van,2026-07-24 18:48:56.213000,164.6,276.9,446.7,0.47,89.6,9.1,65.6,46.4,Safe
VH004,Diesel,Delivery Van,2026-07-24 18:49:11.213000,264.7,258.0,590.7,6.36,72.2,5.65,67.6,45.8,Safe
VH004,Diesel,Delivery Van,2026-07-24 18:49:26.213000,212.1,220.1,452.0,6.95,61.9,16.31,68.6,47.6,Safe
VH004,Diesel,Delivery Van,2026-07-24 18:49:41.213000,191.1,319.8,431.3,3.2,40.3,18.42,88.1,57.8,Safe
VH004,Diesel,Delivery Van,2026-07-24 18:49:56.213000,158.5,177.6,613.7,4.3,35.2,12.69,91.8,54.7,Safe
VH004,Diesel,Delivery Van,2026-07-24 18:50:11.213000,220.3,206.8,439.1,5.68,30.6,14.14,77.1,57.9,Safe
VH004,Diesel,Delivery Van,2026-07-24 18:50:26.213000,131.5,254.1,534.1,7.69,55.0,15.77,66.4,44.8,Safe
VH004,Diesel,Delivery Van,2026-07-24 18:50:41.213000,179.5,335.0,440.6,4.35,81.5,9.73,80.7,42.6,Safe
VH004,Diesel,Delivery Van,2026-07-24 18:50:56.213000,160.2,120.6,511.0,7.81,51.1,14.24,66.0,35.5,Safe
VH004,Diesel,Delivery Van,2026-07-24 18:51:11.213000,151.7,176.7,546.1,0.72,14.8,14.64,68.6,50.3,Safe
VH004,Diesel,Delivery Van,2026-07-24 18:51:26.213000,121.6,114.8,496.7,5.6,19.9,15.86,65.5,55.1,Safe
VH004,Diesel,Delivery Van,2026-07-24 18:51:41.213000,284.2,193.5,513.2,2.06,78.8,5.33,91.5,61.8,Safe
VH004,Diesel,Delivery Van,2026-07-24 18:51:56.213000,246.7,239.7,420.1,7.16,45.5,12.34,75.0,37.8,Safe
VH004,Diesel,Delivery Van,2026-07-24 18:52:11.213000,174.4,270.6,462.2,6.89,88.3,9.2,71.9,47.4,Safe
VH004,Diesel,Delivery Van,2026-07-24 18:52:26.213000,276.5,166.7,446.9,6.96,37.7,10.29,87.1,57.5,Safe
VH004,Diesel,Delivery Van,2026-07-24 18:52:41.213000,247.2,294.6,433.2,1.77,50.8,12.19,75.9,37.0,Safe
VH004,Diesel,Delivery Van,2026-07-24 18:52:56.213000,208.6,312.9,616.1,5.45,42.5,8.71,87.3,47.9,Safe
VH004,Diesel,Delivery Van,2026-07-24 18:53:11.213000,234.6,277.6,539.7,4.53,63.9,5.58,64.9,50.1,Safe
VH004,Diesel,Delivery Van,2026-07-24 18:53:26.213000,275.8,255.3,419.0,7.71,82.9,10.37,70.8,46.9,Safe
VH004,Diesel,Delivery Van,2026-07-24 18:53:41.213000,148.1,198.1,450.5,6.92,22.2,15.17,80.2,35.3,Safe
VH004,Diesel,Delivery Van,2026-07-24 18:53:56.213000,125.5,187.6,467.9,3.77,65.2,14.53,64.7,55.8,Safe
VH004,Diesel,Delivery Van,2026-07-24 18:54:11.213000,204.6,241.1,586.1,3.9,19.7,9.21,73.0,52.4,Safe
VH004,Diesel,Delivery Van,2026-07-24 18:54:26.213000,243.3,204.1,565.5,5.2,33.2,13.57,69.6,60.2,Safe
VH004,Diesel,Delivery Van,2026-07-24 18:54:41.213000,245.0,179.1,579.5,4.45,22.7,1.82,68.4,50.9,Safe
VH004,Diesel,Delivery Van,2026-07-24 18:54:56.213000,158.6,282.2,467.1,7.95,21.1,5.49,85.0,36.0,Safe
VH004,Diesel,Delivery Van,2026-07-24 18:55:11.213000,144.9,224.5,477.6,0.7,18.5,14.34,90.6,63.6,Safe
VH004,Diesel,Delivery Van,2026-07-24 18:55:26.213000,199.4,124.6,414.4,2.62,60.2,14.9,74.0,53.0,Safe
VH004,Diesel,Delivery Van,2026-07-24 18:55:41.213000,219.8,228.4,418.3,5.25,81.0,11.9,59.9,47.6,Safe
VH004,Diesel,Delivery Van,2026-07-24 18:55:56.213000,130.2,267.5,567.9,1.83,62.8,8.46,71.8,45.4,Safe
VH004,Diesel,Delivery Van,2026-07-24 18:56:11.213000,195.9,292.2,459.9,10.34,75.1,17.12,73.6,35.2,Safe
VH004,Diesel,Delivery Van,2026-07-24 18:56:26.213000,168.6,312.1,438.5,1.71,62.0,5.25,89.7,44.6,Safe
VH004,Diesel,Delivery Van,2026-07-24 18:56:41.213000,293.6,213.4,437.5,6.76,48.4,8.14,73.5,52.4,Safe
VH004,Diesel,Delivery Van,2026-07-24 18:56:56.213000,149.4,309.9,452.7,9.04,48.9,13.61,81.2,38.0,Safe
VH004,Diesel,Delivery Van,2026-07-24 18:57:11.213000,189.2,210.1,567.9,1.48,86.4,17.25,76.6,49.1,Safe
VH004,Diesel,Delivery Van,2026-07-24 18:57:26.213000,108.8,141.8,569.0,3.72,64.0,18.61,85.8,59.2,Safe
VH004,Diesel,Delivery Van,2026-07-24 18:57:41.213000,225.3,290.5,439.4,9.33,79.5,11.98,91.9,36.7,Safe
VH004,Diesel,Delivery Van,2026-07-24 18:57:56.213000,121.4,171.1,516.6,8.22,38.5,1.74,76.7,52.1,Safe
VH004,Diesel,Delivery Van,2026-07-24 18:58:11.213000,199.9,201.0,536.2,1.07,51.5,11.43,66.8,61.6,Safe
VH004,Diesel,Delivery Van,2026-07-24 18:58:26.213000,206.4,278.8,464.2,5.93,57.6,0.0,78.5,47.7,Safe
VH004,Diesel,Delivery Van,2026-07-24 18:58:41.213000,288.0,133.2,414.6,6.63,87.2,12.09,62.5,37.6,Safe
VH004,Diesel,Delivery Van,2026-07-24 18:58:56.213000,305.8,322.5,508.7,7.63,50.8,8.8,69.0,43.9,Safe
VH004,Diesel,Delivery Van,2026-07-24 18:59:11.213000,261.0,329.3,621.5,1.7,25.0,16.32,61.9,53.5,Safe
VH004,Diesel,Delivery Van,2026-07-24 18:59:26.213000,223.3,170.2,595.8,3.79,31.9,15.13,87.9,31.9,Safe
VH004,Diesel,Delivery Van,2026-07-24 18:59:41.213000,265.7,314.1,613.9,3.62,79.6,0.0,88.2,41.8,Safe
VH004,Diesel,Delivery Van,2026-07-24 18:59:56.213000,172.3,227.7,564.1,1.97,69.5,13.95,78.9,47.7,Safe
VH004,Diesel,Delivery Van,2026-07-24 19:00:11.213000,133.5,232.2,493.3,3.01,53.8,3.97,70.3,42.5,Safe
VH004,Diesel,Delivery Van,2026-07-24 19:00:26.213000,144.8,288.5,460.8,3.22,13.4,10.82,64.1,59.5,Safe
VH004,Diesel,Delivery Van,2026-07-24 19:00:41.213000,301.3,124.1,411.2,0.15,33.5,7.57,79.5,45.6,Safe
VH004,Diesel,Delivery Van,2026-07-24 19:00:56.213000,118.1,299.2,431.4,8.39,90.4,2.08,71.0,43.9,Safe
VH004,Diesel,Delivery Van,2026-07-24 19:01:11.213000,165.4,125.4,423.7,6.92,10.1,10.08,61.5,39.9,Safe
VH004,Diesel,Delivery Van,2026-07-24 19:01:26.213000,261.9,310.9,591.3,6.54,71.7,1.79,72.1,44.8,Safe
VH004,Diesel,Delivery Van,2026-07-24 19:01:41.213000,127.5,307.8,457.0,4.77,82.1,11.27,89.8,43.3,Safe
VH004,Diesel,Delivery Van,2026-07-24 19:01:56.213000,148.2,202.5,513.5,6.28,52.1,7.0,83.9,58.0,Safe
VH004,Diesel,Delivery Van,2026-07-24 19:02:11.213000,296.3,139.6,545.2,4.29,65.8,17.2,81.9,50.4,Safe
VH004,Diesel,Delivery Van,2026-07-24 19:02:26.213000,261.8,141.3,593.1,5.52,74.4,1.07,65.7,47.7,Safe
VH004,Diesel,Delivery Van,2026-07-24 19:02:41.213000,268.5,333.6,621.5,6.29,74.2,0.0,63.5,45.5,Safe
VH004,Diesel,Delivery Van,2026-07-24 19:02:56.213000,249.8,212.8,489.0,5.97,88.1,9.2,60.2,53.8,Safe
VH004,Diesel,Delivery Van,2026-07-24 19:03:11.213000,287.5,286.9,492.9,2.88,65.5,17.14,66.8,56.0,Safe
VH004,Diesel,Delivery Van,2026-07-24 19:03:26.213000,174.6,232.3,495.4,9.11,17.8,5.5,60.5,53.3,Safe
VH004,Diesel,Delivery Van,2026-07-24 19:03:41.213000,285.7,136.4,529.3,8.36,28.3,7.5,65.5,42.3,Safe
VH004,Diesel,Delivery Van,2026-07-24 19:03:56.213000,242.8,182.9,498.0,0.86,42.2,13.06,66.4,39.6,Safe
VH004,Diesel,Delivery Van,2026-07-24 19:04:11.213000,247.2,199.6,580.5,9.13,60.5,1.25,81.5,51.2,Safe
VH004,Diesel,Delivery Van,2026-07-24 19:04:26.213000,289.2,174.8,487.2,0.77,25.4,14.87,81.8,36.5,Safe
VH004,Diesel,Delivery Van,2026-07-24 19:04:41.213000,190.2,129.9,591.9,2.65,32.6,14.8,71.1,52.1,Safe
VH004,Diesel,Delivery Van,2026-07-24 19:04:56.213000,155.6,270.6,533.7,8.68,46.9,11.41,73.6,41.0,Safe
VH004,Diesel,Delivery Van,2026-07-24 19:05:11.213000,188.0,122.8,601.8,10.13,60.5,16.68,73.5,60.6,Safe
VH004,Diesel,Delivery Van,2026-07-24 19:05:26.213000,261.6,177.4,546.7,5.12,45.3,5.23,71.2,47.6,Safe
VH004,Diesel,Delivery Van,2026-07-24 19:05:41.213000,144.3,137.5,492.6,6.68,26.7,3.16,60.3,50.1,Safe
VH004,Diesel,Delivery Van,2026-07-24 19:05:56.213000,233.6,327.9,478.7,9.39,81.3,12.55,65.6,52.9,Safe
VH004,Diesel,Delivery Van,2026-07-24 19:06:11.213000,299.2,194.1,498.8,5.09,74.4,11.55,74.0,52.1,Safe
VH004,Diesel,Delivery Van,2026-07-24 19:06:26.213000,315.5,237.9,485.5,5.04,59.0,16.82,63.5,33.3,Safe
VH004,Diesel,Delivery Van,2026-07-24 19:06:41.213000,122.1,116.3,517.7,0.95,15.6,2.81,74.6,59.6,Safe
VH004,Diesel,Delivery Van,2026-07-24 19:06:56.213000,207.3,281.1,548.1,5.08,25.8,1.54,91.5,55.7,Safe
VH004,Diesel,Delivery Van,2026-07-24 19:07:11.213000,197.4,283.9,594.8,0.69,38.8,7.56,59.5,39.8,Safe
VH004,Diesel,Delivery Van,2026-07-24 19:07:26.213000,194.6,185.6,504.0,1.82,37.6,3.73,83.1,35.4,Safe
VH004,Diesel,Delivery Van,2026-07-24 19:07:41.213000,284.2,166.1,438.6,5.16,17.3,16.12,71.6,54.7,Safe
VH004,Diesel,Delivery Van,2026-07-24 19:07:56.213000,280.6,212.3,416.5,11.8,17.8,22.37,76.9,59.6,Safe
VH004,Diesel,Delivery Van,2026-07-24 19:08:11.213000,227.9,154.2,562.0,5.73,32.5,10.31,64.6,64.2,Safe
VH004,Diesel,Delivery Van,2026-07-24 19:08:26.213000,182.2,255.7,432.2,2.26,55.0,3.01,61.8,43.6,Safe
VH004,Diesel,Delivery Van,2026-07-24 19:08:41.213000,246.1,235.9,573.9,9.48,23.9,12.46,80.8,49.7,Safe
VH004,Diesel,Delivery Van,2026-07-24 19:08:56.213000,228.7,152.2,462.2,5.52,64.5,16.01,59.8,48.3,Safe
VH004,Diesel,Delivery Van,2026-07-24 19:09:11.213000,146.8,172.0,550.3,5.78,47.2,4.65,77.8,47.0,Safe
VH004,Diesel,Delivery Van,2026-07-24 19:09:26.213000,218.4,331.8,588.9,9.35,35.6,10.86,83.7,39.5,Safe
VH004,Diesel,Delivery Van,2026-07-24 19:09:41.213000,174.5,203.3,434.4,3.25,68.0,8.36,89.7,54.1,Safe
VH004,Diesel,Delivery Van,2026-07-24 19:09:56.213000,366.9,404.4,788.5,12.0,112.1,25.94,98.8,37.8,Moderate
VH004,Diesel,Delivery Van,2026-07-24 19:10:11.213000,369.1,395.3,788.9,12.8,114.0,26.1,100.7,51.0,Moderate
VH004,Diesel,Delivery Van,2026-07-24 19:10:26.213000,379.8,422.1,836.0,12.67,119.9,28.62,102.0,36.4,Moderate
VH004,Diesel,Delivery Van,2026-07-24 19:10:41.213000,362.1,383.6,751.4,11.96,111.3,26.2,100.1,45.5,Moderate
VH004,Diesel,Delivery Van,2026-07-24 19:10:56.213000,372.8,415.0,797.2,12.23,123.4,24.96,103.4,55.9,Moderate
VH004,Diesel,Delivery Van,2026-07-24 19:11:11.213000,380.9,401.2,779.7,12.33,119.6,24.7,101.0,53.9,Moderate
VH004,Diesel,Delivery Van,2026-07-24 19:11:26.213000,382.6,415.7,856.7,13.07,129.2,28.29,104.8,60.0,Moderate
VH004,Diesel,Delivery Van,2026-07-24 19:11:41.213000,378.9,410.7,805.0,12.07,116.7,25.99,101.6,38.7,Moderate
VH004,Diesel,Delivery Van,2026-07-24 19:11:56.213000,373.1,402.6,792.0,12.71,113.2,26.91,100.3,45.7,Moderate
VH004,Diesel,Delivery Van,2026-07-24 19:12:11.213000,358.9,405.5,786.1,12.06,120.9,25.76,101.3,34.5,Moderate
VH004,Diesel,Delivery Van,2026-07-24 19:12:26.213000,357.8,388.9,750.7,11.53,112.2,24.37,100.4,44.8,Moderate
VH004,Diesel,Delivery Van,2026-07-24 19:12:41.213000,374.9,386.6,772.6,11.79,117.7,25.67,99.8,37.5,Moderate
VH004,Diesel,Delivery Van,2026-07-24 19:12:56.213000,370.1,384.3,753.6,11.55,113.8,26.04,98.2,47.9,Moderate
VH004,Diesel,Delivery Van,2026-07-24 19:13:11.213000,398.2,432.8,834.3,13.22,130.7,28.58,103.0,45.5,Moderate
VH004,Diesel,Delivery Van,2026-07-24 19:13:26.213000,373.3,419.0,818.7,12.87,126.8,28.49,105.2,43.5,Moderate
VH004,Diesel,Delivery Van,2026-07-24 19:13:41.213000,350.9,369.2,730.8,11.59,105.9,22.49,97.1,54.4,Moderate
VH004,Diesel,Delivery Van,2026-07-24 19:13:56.213000,374.5,429.2,841.9,12.86,127.4,28.14,102.8,58.2,Moderate
VH004,Diesel,Delivery Van,2026-07-24 19:14:11.213000,363.7,385.2,735.8,12.05,108.4,23.92,100.4,33.1,Moderate
VH004,Diesel,Delivery Van,2026-07-24 19:14:26.213000,377.4,404.7,797.7,12.48,119.1,25.35,102.2,47.5,Moderate
VH004,Diesel,Delivery Van,2026-07-24 19:14:41.213000,392.2,425.7,836.2,12.46,125.4,26.65,102.8,47.8,Moderate
VH004,Diesel,Delivery Van,2026-07-24 19:14:56.213000,378.4,399.3,777.8,11.92,117.5,26.5,100.1,34.1,Moderate
VH004,Diesel,Delivery Van,2026-07-24 19:15:11.213000,376.6,426.4,856.7,12.9,124.8,28.57,103.9,44.1,Moderate
VH004,Diesel,Delivery Van,2026-07-24 19:15:26.213000,384.8,415.1,825.5,13.01,120.5,27.61,101.5,34.5,Moderate
VH004,Diesel,Delivery Van,2026-07-24 19:15:41.213000,371.8,395.8,778.8,12.19,110.9,24.82,101.5,50.6,Moderate
VH004,Diesel,Delivery Van,2026-07-24 19:15:56.213000,334.4,370.8,702.7,11.32,105.7,20.91,95.8,45.8,Moderate
VH004,Diesel,Delivery Van,2026-07-24 19:16:11.213000,368.7,388.4,771.3,12.03,116.8,23.63,101.8,62.3,Moderate
VH004,Diesel,Delivery Van,2026-07-24 19:16:26.213000,385.0,409.3,810.8,12.91,125.4,25.78,101.6,42.1,Moderate
VH004,Diesel,Delivery Van,2026-07-24 19:16:41.213000,352.8,393.0,769.2,12.03,112.9,23.56,100.1,35.6,Moderate
VH004,Diesel,Delivery Van,2026-07-24 19:16:56.213000,370.3,408.8,811.0,12.94,122.1,27.64,100.8,36.9,Moderate
VH004,Diesel,Delivery Van,2026-07-24 19:17:11.213000,354.6,397.0,774.2,11.76,110.6,23.63,101.7,62.4,Moderate
VH004,Diesel,Delivery Van,2026-07-24 19:17:26.213000,341.0,363.7,727.0,11.4,107.4,22.6,97.1,46.8,Moderate
VH004,Diesel,Delivery Van,2026-07-24 19:17:41.213000,387.6,407.8,797.9,12.13,119.1,26.08,103.1,57.6,Moderate
VH004,Diesel,Delivery Van,2026-07-24 19:17:56.213000,358.6,385.0,754.7,11.77,108.4,24.15,99.7,35.0,Moderate
VH004,Diesel,Delivery Van,2026-07-24 19:18:11.213000,397.9,439.9,857.5,12.93,125.0,30.36,104.4,36.3,Moderate
VH004,Diesel,Delivery Van,2026-07-24 19:18:26.213000,334.2,364.7,716.8,11.04,105.8,20.74,96.6,50.8,Moderate
VH004,Diesel,Delivery Van,2026-07-24 19:18:41.213000,358.0,410.3,784.7,12.27,114.1,24.73,102.5,40.0,Moderate
VH004,Diesel,Delivery Van,2026-07-24 19:18:56.213000,389.2,420.2,836.9,13.57,124.2,29.23,105.1,39.0,Moderate
VH004,Diesel,Delivery Van,2026-07-24 19:19:11.213000,345.3,376.8,735.9,11.03,110.9,22.01,97.1,38.3,Moderate
VH004,Diesel,Delivery Van,2026-07-24 19:19:26.213000,346.0,355.7,704.5,11.27,106.8,22.34,97.5,54.5,Moderate
VH004,Diesel,Delivery Van,2026-07-24 19:19:41.213000,573.5,619.9,1507.0,26.09,235.4,55.65,138.4,63.0,Poor
VH004,Diesel,Delivery Van,2026-07-24 19:19:56.213000,380.3,437.9,857.9,13.58,127.7,27.5,104.4,42.5,Moderate
VH004,Diesel,Delivery Van,2026-07-24 19:20:11.213000,553.4,584.3,1390.0,22.87,208.8,51.05,136.3,59.4,Poor
VH004,Diesel,Delivery Van,2026-07-24 19:20:26.213000,348.2,364.5,709.7,11.14,104.5,22.35,97.0,59.7,Moderate
VH004,Diesel,Delivery Van,2026-07-24 19:20:41.213000,543.3,600.6,1384.1,23.32,211.4,51.1,138.1,61.0,Poor
VH004,Diesel,Delivery Van,2026-07-24 19:20:56.213000,360.3,379.9,760.4,11.35,111.2,25.26,100.0,58.2,Moderate
VH004,Diesel,Delivery Van,2026-07-24 19:21:11.213000,340.7,380.5,739.1,11.37,113.2,23.6,98.5,63.7,Moderate
VH004,Diesel,Delivery Van,2026-07-24 19:21:26.213000,385.6,408.5,828.3,13.09,121.7,27.77,105.4,38.7,Moderate
VH004,Diesel,Delivery Van,2026-07-24 19:21:41.213000,552.4,601.9,1442.0,24.44,217.0,53.5,136.3,33.8,Poor
VH004,Diesel,Delivery Van,2026-07-24 19:21:56.213000,379.3,418.7,799.0,12.49,119.9,26.06,102.4,58.4,Moderate
VH004,Diesel,Delivery Van,2026-07-24 19:22:11.213000,362.1,381.3,733.2,11.39,112.4,23.7,99.0,59.4,Moderate
VH004,Diesel,Delivery Van,2026-07-24 19:22:26.213000,552.1,607.0,1471.3,24.44,225.7,55.14,137.1,33.8,Poor
VH004,Diesel,Delivery Van,2026-07-24 19:22:41.213000,342.7,379.6,703.0,10.95,102.3,23.38,95.8,44.2,Moderate
VH005,Petrol,SUV,2026-07-24 18:36:41.213000,162.3,235.8,421.1,8.08,33.1,8.18,59.3,46.3,Safe
VH005,Petrol,SUV,2026-07-24 18:36:56.213000,180.8,105.2,423.7,0.81,51.8,6.97,61.8,39.0,Safe
VH005,Petrol,SUV,2026-07-24 18:37:11.213000,238.9,143.0,476.0,2.44,46.2,4.76,53.1,59.6,Safe
VH005,Petrol,SUV,2026-07-24 18:37:26.213000,109.0,263.6,474.6,0.95,24.0,0.79,52.4,54.2,Safe
VH005,Petrol,SUV,2026-07-24 18:37:41.213000,188.7,95.4,551.5,7.16,18.6,4.52,66.9,56.8,Safe
VH005,Petrol,SUV,2026-07-24 18:37:56.213000,196.0,140.7,496.1,1.24,19.0,5.17,65.7,52.8,Safe
VH005,Petrol,SUV,2026-07-24 18:38:11.213000,195.7,290.1,472.4,6.21,30.8,1.61,70.8,56.0,Safe
VH005,Petrol,SUV,2026-07-24 18:38:26.213000,188.2,243.5,487.0,4.67,63.7,8.04,83.6,46.4,Safe
VH005,Petrol,SUV,2026-07-24 18:38:41.213000,121.1,131.3,442.6,5.25,60.9,2.0,68.5,51.9,Safe
VH005,Petrol,SUV,2026-07-24 18:38:56.213000,87.3,96.2,462.7,5.3,24.1,3.07,81.9,54.1,Safe
VH005,Petrol,SUV,2026-07-24 18:39:11.213000,102.3,218.9,546.4,8.08,25.4,4.98,69.8,50.8,Safe
VH005,Petrol,SUV,2026-07-24 18:39:26.213000,210.1,206.2,432.1,2.7,17.2,2.56,78.8,55.8,Safe
VH005,Petrol,SUV,2026-07-24 18:39:41.213000,151.8,96.4,512.0,5.94,13.5,10.92,55.6,48.1,Safe
VH005,Petrol,SUV,2026-07-24 18:39:56.213000,170.5,269.1,396.2,3.14,56.6,5.38,69.0,50.8,Safe
VH005,Petrol,SUV,2026-07-24 18:40:11.213000,170.3,114.7,546.8,3.12,64.9,6.31,72.0,45.5,Safe
VH005,Petrol,SUV,2026-07-24 18:40:26.213000,94.6,239.9,380.3,0.0,41.5,3.4,72.5,54.4,Safe
VH005,Petrol,SUV,2026-07-24 18:40:41.213000,99.0,137.9,555.5,2.41,7.2,6.02,62.2,62.8,Safe
VH005,Petrol,SUV,2026-07-24 18:40:56.213000,133.7,95.3,552.3,2.13,27.1,6.12,57.9,49.9,Safe
VH005,Petrol,SUV,2026-07-24 18:41:11.213000,128.3,108.8,385.5,6.71,34.7,7.18,54.5,53.7,Safe
VH005,Petrol,SUV,2026-07-24 18:41:26.213000,185.3,200.0,501.1,1.12,20.2,9.31,61.5,50.0,Safe
VH005,Petrol,SUV,2026-07-24 18:41:41.213000,218.6,96.1,489.4,4.03,64.6,10.13,49.7,61.8,Safe
VH005,Petrol,SUV,2026-07-24 18:41:56.213000,229.8,127.3,386.0,0.25,8.9,5.9,72.4,46.8,Safe
VH005,Petrol,SUV,2026-07-24 18:42:11.213000,217.0,256.7,403.3,1.83,32.4,3.29,57.3,51.5,Safe
VH005,Petrol,SUV,2026-07-24 18:42:26.213000,148.5,292.3,468.2,7.69,48.4,11.39,59.4,47.0,Safe
VH005,Petrol,SUV,2026-07-24 18:42:41.213000,89.9,194.1,439.8,2.08,30.2,10.74,50.7,58.7,Safe
VH005,Petrol,SUV,2026-07-24 18:42:56.213000,157.9,280.1,469.9,4.84,48.0,2.99,63.7,60.4,Safe
VH005,Petrol,SUV,2026-07-24 18:43:11.213000,219.1,196.0,462.9,7.52,42.1,7.04,66.9,49.0,Safe
VH005,Petrol,SUV,2026-07-24 18:43:26.213000,183.3,296.6,472.9,0.0,52.8,4.28,66.6,47.6,Safe
VH005,Petrol,SUV,2026-07-24 18:43:41.213000,237.5,211.1,399.0,5.24,36.9,1.38,64.8,44.1,Safe
VH005,Petrol,SUV,2026-07-24 18:43:56.213000,146.4,209.8,446.5,2.6,42.3,5.74,53.5,51.9,Safe
VH005,Petrol,SUV,2026-07-24 18:44:11.213000,203.5,197.3,426.6,6.67,45.2,5.6,76.1,44.2,Safe
VH005,Petrol,SUV,2026-07-24 18:44:26.213000,118.7,261.4,466.6,4.31,32.5,9.79,57.3,56.0,Safe
VH005,Petrol,SUV,2026-07-24 18:44:41.213000,206.8,248.9,517.2,4.37,22.6,9.93,62.0,48.6,Safe
VH005,Petrol,SUV,2026-07-24 18:44:56.213000,108.2,294.1,455.4,6.78,61.8,5.09,63.3,65.8,Safe
VH005,Petrol,SUV,2026-07-24 18:45:11.213000,85.2,165.8,509.0,7.31,26.4,8.99,80.5,63.9,Safe
VH005,Petrol,SUV,2026-07-24 18:45:26.213000,185.6,121.2,472.8,2.67,52.5,10.52,56.8,61.6,Safe
VH005,Petrol,SUV,2026-07-24 18:45:41.213000,149.3,96.5,472.3,0.28,29.8,4.01,54.5,42.6,Safe
VH005,Petrol,SUV,2026-07-24 18:45:56.213000,111.9,277.4,469.7,1.37,10.0,7.81,79.1,41.0,Safe
VH005,Petrol,SUV,2026-07-24 18:46:11.213000,164.1,134.0,507.2,2.26,60.4,4.29,48.7,60.0,Safe
VH005,Petrol,SUV,2026-07-24 18:46:26.213000,159.2,267.5,450.6,1.19,27.8,7.3,51.8,44.0,Safe
VH005,Petrol,SUV,2026-07-24 18:46:41.213000,160.2,123.8,561.3,1.83,44.7,0.0,72.9,53.3,Safe
VH005,Petrol,SUV,2026-07-24 18:46:56.213000,206.3,248.7,442.8,2.71,36.1,1.1,53.0,52.6,Safe
VH005,Petrol,SUV,2026-07-24 18:47:11.213000,174.1,212.8,394.7,4.04,27.8,1.96,68.9,40.4,Safe
VH005,Petrol,SUV,2026-07-24 18:47:26.213000,222.9,243.8,512.2,2.29,53.1,7.79,65.3,55.8,Safe
VH005,Petrol,SUV,2026-07-24 18:47:41.213000,101.7,283.7,498.6,5.6,65.5,0.71,59.6,45.4,Safe
VH005,Petrol,SUV,2026-07-24 18:47:56.213000,191.9,108.8,488.7,8.09,25.5,11.91,54.6,55.8,Safe
VH005,Petrol,SUV,2026-07-24 18:48:11.213000,136.7,257.1,483.6,2.79,66.5,9.04,69.6,55.0,Safe
VH005,Petrol,SUV,2026-07-24 18:48:26.213000,122.3,193.8,570.1,5.4,11.9,10.59,65.6,57.8,Safe
VH005,Petrol,SUV,2026-07-24 18:48:41.213000,148.6,246.1,570.5,3.66,37.7,6.3,61.2,55.4,Safe
VH005,Petrol,SUV,2026-07-24 18:48:56.213000,218.3,161.4,500.0,5.04,44.8,4.15,77.2,57.2,Safe
VH005,Petrol,SUV,2026-07-24 18:49:11.213000,247.5,182.9,523.8,5.96,13.5,1.35,50.4,61.9,Safe
VH005,Petrol,SUV,2026-07-24 18:49:26.213000,195.3,277.3,477.2,9.19,27.1,15.36,71.5,51.4,Safe
VH005,Petrol,SUV,2026-07-24 18:49:41.213000,223.3,155.9,432.8,4.23,48.7,0.97,80.4,68.2,Safe
VH005,Petrol,SUV,2026-07-24 18:49:56.213000,179.1,259.7,419.6,0.94,18.1,8.2,77.4,50.1,Safe
VH005,Petrol,SUV,2026-07-24 18:50:11.213000,118.0,113.4,487.4,5.62,68.7,6.65,50.0,46.7,Safe
VH005,Petrol,SUV,2026-07-24 18:50:26.213000,107.3,111.0,527.6,0.51,55.9,8.94,67.8,41.4,Safe
VH005,Petrol,SUV,2026-07-24 18:50:41.213000,127.4,110.4,449.2,1.6,30.7,7.42,60.5,45.5,Safe
VH005,Petrol,SUV,2026-07-24 18:50:56.213000,163.6,191.9,566.5,4.11,18.6,10.14,71.0,68.0,Safe
VH005,Petrol,SUV,2026-07-24 18:51:11.213000,231.5,237.8,499.4,6.06,55.6,6.64,75.3,44.2,Safe
VH005,Petrol,SUV,2026-07-24 18:51:26.213000,178.8,299.1,491.8,0.44,25.3,10.63,77.0,60.2,Safe
VH005,Petrol,SUV,2026-07-24 18:51:41.213000,197.3,268.2,477.7,2.61,65.2,4.38,83.1,58.9,Safe
VH005,Petrol,SUV,2026-07-24 18:51:56.213000,165.8,175.7,540.8,6.22,57.2,3.48,79.3,45.5,Safe
VH005,Petrol,SUV,2026-07-24 18:52:11.213000,228.7,152.0,536.9,1.87,67.3,4.56,79.7,56.5,Safe
VH005,Petrol,SUV,2026-07-24 18:52:26.213000,151.0,264.0,494.9,5.47,44.3,8.01,53.1,54.0,Safe
VH005,Petrol,SUV,2026-07-24 18:52:41.213000,197.1,261.8,500.5,6.14,20.4,10.07,77.3,62.7,Safe
VH005,Petrol,SUV,2026-07-24 18:52:56.213000,102.2,195.1,396.8,3.73,36.5,5.98,47.3,47.3,Safe
VH005,Petrol,SUV,2026-07-24 18:53:11.213000,171.7,222.5,497.0,6.4,8.1,1.68,54.4,64.2,Safe
VH005,Petrol,SUV,2026-07-24 18:53:26.213000,93.7,225.5,541.9,6.93,66.0,0.0,59.8,42.4,Safe
VH005,Petrol,SUV,2026-07-24 18:53:41.213000,93.5,239.6,397.2,1.86,65.2,5.42,68.0,67.6,Safe
VH005,Petrol,SUV,2026-07-24 18:53:56.213000,233.3,131.3,561.3,7.72,19.2,0.78,59.0,43.8,Safe
VH005,Petrol,SUV,2026-07-24 18:54:11.213000,142.5,261.0,462.5,8.07,66.9,10.99,79.5,49.5,Safe
VH005,Petrol,SUV,2026-07-24 18:54:26.213000,178.5,94.7,384.4,6.94,47.8,7.81,73.1,64.4,Safe
VH005,Petrol,SUV,2026-07-24 18:54:41.213000,149.0,113.9,445.2,3.0,49.3,0.8,78.1,46.0,Safe
VH005,Petrol,SUV,2026-07-24 18:54:56.213000,138.1,210.2,408.8,1.84,48.2,12.28,69.1,59.3,Safe
VH005,Petrol,SUV,2026-07-24 18:55:11.213000,185.3,135.4,457.3,7.71,21.8,8.93,57.1,58.5,Safe
VH005,Petrol,SUV,2026-07-24 18:55:26.213000,126.5,168.4,518.9,0.36,48.8,7.87,70.5,43.6,Safe
VH005,Petrol,SUV,2026-07-24 18:55:41.213000,152.9,291.7,557.6,7.38,47.5,7.21,66.0,53.7,Safe
VH005,Petrol,SUV,2026-07-24 18:55:56.213000,330.0,261.9,541.2,4.99,57.0,20.56,63.2,37.8,Safe
VH005,Petrol,SUV,2026-07-24 18:56:11.213000,176.9,147.6,457.1,7.39,54.6,0.68,66.7,66.2,Safe
VH005,Petrol,SUV,2026-07-24 18:56:26.213000,108.9,222.5,417.2,0.83,61.2,1.15,71.9,44.2,Safe
VH005,Petrol,SUV,2026-07-24 18:56:41.213000,141.0,172.6,514.7,1.46,67.2,9.01,77.7,65.9,Safe
VH005,Petrol,SUV,2026-07-24 18:56:56.213000,249.4,171.4,443.8,6.71,32.0,17.35,66.1,62.9,Safe
VH005,Petrol,SUV,2026-07-24 18:57:11.213000,141.4,106.3,405.8,4.38,16.4,2.6,67.5,57.8,Safe
VH005,Petrol,SUV,2026-07-24 18:57:26.213000,188.7,140.7,522.8,0.29,13.0,0.67,66.3,55.4,Safe
VH005,Petrol,SUV,2026-07-24 18:57:41.213000,255.2,125.0,520.6,5.57,54.2,8.41,72.8,48.0,Safe
VH005,Petrol,SUV,2026-07-24 18:57:56.213000,141.7,90.6,454.7,6.86,54.0,1.69,52.5,44.9,Safe
VH005,Petrol,SUV,2026-07-24 18:58:11.213000,299.6,122.6,404.4,6.78,20.1,7.03,49.9,50.6,Safe
VH005,Petrol,SUV,2026-07-24 18:58:26.213000,247.0,252.6,423.1,0.13,57.1,11.17,71.2,64.9,Safe
VH005,Petrol,SUV,2026-07-24 18:58:41.213000,214.2,231.7,539.7,0.44,29.4,5.48,48.8,65.5,Safe
VH005,Petrol,SUV,2026-07-24 18:58:56.213000,166.4,86.9,531.9,10.56,52.1,15.96,61.3,54.6,Safe
VH005,Petrol,SUV,2026-07-24 18:59:11.213000,240.2,230.4,494.7,0.02,57.2,11.18,51.2,62.5,Safe
VH005,Petrol,SUV,2026-07-24 18:59:26.213000,139.2,174.4,512.6,0.18,59.6,7.87,78.5,48.0,Safe
VH005,Petrol,SUV,2026-07-24 18:59:41.213000,205.1,214.4,396.6,2.67,64.1,4.03,67.7,65.5,Safe
VH005,Petrol,SUV,2026-07-24 18:59:56.213000,174.9,170.8,484.4,2.74,53.7,9.63,77.8,64.7,Safe
VH005,Petrol,SUV,2026-07-24 19:00:11.213000,151.5,177.8,502.0,5.77,56.9,10.95,49.3,53.8,Safe
VH005,Petrol,SUV,2026-07-24 19:00:26.213000,235.7,214.3,523.5,3.9,41.2,3.23,55.8,47.4,Safe
VH005,Petrol,SUV,2026-07-24 19:00:41.213000,240.1,250.4,475.0,5.32,47.7,2.58,53.6,42.6,Safe
VH005,Petrol,SUV,2026-07-24 19:00:56.213000,164.0,253.8,560.8,5.57,29.1,2.39,79.8,44.4,Safe
VH005,Petrol,SUV,2026-07-24 19:01:11.213000,231.1,80.8,535.7,1.66,14.5,8.6,54.6,46.5,Safe
VH005,Petrol,SUV,2026-07-24 19:01:26.213000,238.6,138.1,418.7,5.74,24.7,5.34,79.1,52.5,Safe
VH005,Petrol,SUV,2026-07-24 19:01:41.213000,156.7,213.1,406.6,7.0,42.2,1.8,72.1,55.5,Safe
VH005,Petrol,SUV,2026-07-24 19:01:56.213000,170.7,256.0,524.6,7.31,20.8,0.39,75.4,43.1,Safe
VH005,Petrol,SUV,2026-07-24 19:02:11.213000,205.1,112.9,458.3,7.64,48.7,0.0,50.3,51.9,Safe
VH005,Petrol,SUV,2026-07-24 19:02:26.213000,283.5,216.2,392.6,9.73,37.2,16.85,51.4,63.3,Safe
VH005,Petrol,SUV,2026-07-24 19:02:41.213000,153.0,106.2,447.8,1.26,29.1,8.75,56.5,45.9,Safe
VH005,Petrol,SUV,2026-07-24 19:02:56.213000,157.8,272.6,478.1,2.32,40.9,2.85,60.4,56.0,Safe
VH005,Petrol,SUV,2026-07-24 19:03:11.213000,230.3,110.0,484.5,7.31,19.0,1.8,56.0,47.8,Safe
VH005,Petrol,SUV,2026-07-24 19:03:26.213000,148.5,125.9,509.1,7.9,49.2,8.22,52.0,53.0,Safe
VH005,Petrol,SUV,2026-07-24 19:03:41.213000,110.5,296.8,510.3,1.44,24.3,3.82,58.5,53.6,Safe
VH005,Petrol,SUV,2026-07-24 19:03:56.213000,107.4,132.9,518.7,7.89,60.5,6.57,75.0,54.7,Safe
VH005,Petrol,SUV,2026-07-24 19:04:11.213000,177.8,236.8,452.9,4.29,16.6,5.5,75.3,58.4,Safe
VH005,Petrol,SUV,2026-07-24 19:04:26.213000,109.8,234.1,465.8,3.25,25.1,4.3,68.9,40.0,Safe
VH005,Petrol,SUV,2026-07-24 19:04:41.213000,90.8,247.5,409.4,4.54,42.1,10.49,75.3,43.3,Safe
VH005,Petrol,SUV,2026-07-24 19:04:56.213000,155.4,94.2,522.4,1.33,28.9,10.42,81.5,51.0,Safe
VH005,Petrol,SUV,2026-07-24 19:05:11.213000,162.3,275.4,531.9,2.45,63.7,10.21,65.5,67.1,Safe
VH005,Petrol,SUV,2026-07-24 19:05:26.213000,116.9,280.1,494.2,2.33,42.1,1.26,56.6,51.8,Safe
VH005,Petrol,SUV,2026-07-24 19:05:41.213000,241.5,298.1,485.9,3.75,33.0,7.15,68.9,58.2,Safe
VH005,Petrol,SUV,2026-07-24 19:05:56.213000,146.6,78.3,394.4,0.85,43.3,10.6,79.9,39.0,Safe
VH005,Petrol,SUV,2026-07-24 19:06:11.213000,284.2,289.8,475.6,8.12,50.6,16.95,75.5,54.1,Safe
VH005,Petrol,SUV,2026-07-24 19:06:26.213000,152.3,131.9,453.0,10.59,14.9,6.31,72.3,50.7,Safe
VH005,Petrol,SUV,2026-07-24 19:06:41.213000,151.1,235.4,407.9,4.9,58.1,6.53,50.8,41.1,Safe
VH005,Petrol,SUV,2026-07-24 19:06:56.213000,233.4,127.4,512.4,4.53,21.2,7.55,55.4,52.2,Safe
VH005,Petrol,SUV,2026-07-24 19:07:11.213000,163.4,103.5,464.6,6.56,63.1,12.46,51.2,49.0,Safe
VH005,Petrol,SUV,2026-07-24 19:07:26.213000,213.8,280.3,487.5,1.71,55.8,0.0,61.3,67.2,Safe
VH005,Petrol,SUV,2026-07-24 19:07:41.213000,82.0,199.8,523.1,0.78,28.9,0.46,62.1,62.0,Safe
VH005,Petrol,SUV,2026-07-24 19:07:56.213000,224.0,259.4,521.6,5.34,60.6,1.06,56.9,66.7,Safe
VH005,Petrol,SUV,2026-07-24 19:08:11.213000,202.6,244.9,515.8,2.39,62.1,9.91,49.9,39.5,Safe
VH005,Petrol,SUV,2026-07-24 19:08:26.213000,185.2,144.0,387.6,0.86,42.5,1.8,77.0,43.9,Safe
VH005,Petrol,SUV,2026-07-24 19:08:41.213000,233.7,215.7,537.9,4.95,27.5,4.75,52.1,55.3,Safe
VH005,Petrol,SUV,2026-07-24 19:08:56.213000,108.2,246.1,432.7,5.86,20.9,2.34,78.9,59.1,Safe
VH005,Petrol,SUV,2026-07-24 19:09:11.213000,100.6,279.9,570.9,5.24,10.6,2.2,53.5,48.4,Safe
VH005,Petrol,SUV,2026-07-24 19:09:26.213000,216.2,165.6,443.1,8.21,14.8,3.3,49.1,50.1,Safe
VH005,Petrol,SUV,2026-07-24 19:09:41.213000,137.0,138.0,477.0,3.29,19.6,9.42,66.2,45.1,Safe
VH005,Petrol,SUV,2026-07-24 19:09:56.213000,138.3,124.5,544.2,6.44,38.0,11.37,78.5,48.1,Safe
VH005,Petrol,SUV,2026-07-24 19:10:11.213000,134.1,191.2,520.7,3.8,35.1,6.36,58.3,44.5,Safe
VH005,Petrol,SUV,2026-07-24 19:10:26.213000,289.3,225.9,559.1,12.03,64.1,13.34,71.5,54.8,Safe
VH005,Petrol,SUV,2026-07-24 19:10:41.213000,115.0,211.8,503.6,2.41,48.5,2.0,72.3,48.8,Safe
VH005,Petrol,SUV,2026-07-24 19:10:56.213000,178.6,183.3,508.6,5.53,12.7,0.73,63.4,59.8,Safe
VH005,Petrol,SUV,2026-07-24 19:11:11.213000,128.0,100.8,476.7,0.65,58.7,12.13,65.4,51.4,Safe
VH005,Petrol,SUV,2026-07-24 19:11:26.213000,145.3,306.9,432.9,3.49,58.2,5.26,52.8,67.4,Safe
VH005,Petrol,SUV,2026-07-24 19:11:41.213000,199.8,220.8,541.8,2.17,59.4,11.57,71.9,62.1,Safe
VH005,Petrol,SUV,2026-07-24 19:11:56.213000,226.8,203.4,552.6,0.46,13.2,5.32,62.9,43.5,Safe
VH005,Petrol,SUV,2026-07-24 19:12:11.213000,146.2,119.5,569.9,5.34,39.7,11.04,66.3,40.5,Safe
VH005,Petrol,SUV,2026-07-24 19:12:26.213000,239.6,229.2,428.7,3.05,46.7,9.22,56.0,65.7,Safe
VH005,Petrol,SUV,2026-07-24 19:12:41.213000,227.6,225.4,552.8,4.29,30.3,1.06,51.2,51.4,Safe
VH005,Petrol,SUV,2026-07-24 19:12:56.213000,101.7,142.2,511.5,1.99,66.2,5.89,68.0,57.0,Safe
VH005,Petrol,SUV,2026-07-24 19:13:11.213000,199.8,167.3,458.4,4.39,28.9,1.77,56.6,65.5,Safe
VH005,Petrol,SUV,2026-07-24 19:13:26.213000,120.0,258.8,450.2,2.19,24.5,4.24,55.7,68.5,Safe
VH005,Petrol,SUV,2026-07-24 19:13:41.213000,234.0,127.7,430.8,3.77,62.3,10.71,76.3,61.8,Safe
VH005,Petrol,SUV,2026-07-24 19:13:56.213000,202.7,208.7,556.6,6.93,14.5,3.29,47.4,60.8,Safe
VH005,Petrol,SUV,2026-07-24 19:14:11.213000,221.8,228.8,524.5,0.84,62.4,4.95,52.4,64.6,Safe
VH005,Petrol,SUV,2026-07-24 19:14:26.213000,237.8,224.5,409.9,2.5,36.9,9.57,51.3,56.0,Safe
VH005,Petrol,SUV,2026-07-24 19:14:41.213000,150.3,183.5,415.0,3.48,47.6,9.26,63.7,50.8,Safe
VH005,Petrol,SUV,2026-07-24 19:14:56.213000,132.6,281.8,396.2,3.69,59.1,10.69,75.6,61.7,Safe
VH005,Petrol,SUV,2026-07-24 19:15:11.213000,199.1,143.6,503.5,5.86,27.8,2.46,71.4,50.1,Safe
VH005,Petrol,SUV,2026-07-24 19:15:26.213000,98.3,244.6,435.4,4.87,46.2,8.38,64.4,40.7,Safe
VH005,Petrol,SUV,2026-07-24 19:15:41.213000,174.9,266.5,468.6,1.13,24.0,6.68,53.7,65.9,Safe
VH005,Petrol,SUV,2026-07-24 19:15:56.213000,193.2,215.1,521.4,3.65,46.8,1.7,73.6,44.6,Safe
VH005,Petrol,SUV,2026-07-24 19:16:11.213000,169.5,147.0,478.5,6.87,37.8,0.28,55.9,44.6,Safe
VH005,Petrol,SUV,2026-07-24 19:16:26.213000,204.3,134.6,501.7,4.34,41.5,10.5,74.9,50.6,Safe
VH005,Petrol,SUV,2026-07-24 19:16:41.213000,185.5,280.8,456.8,7.52,36.0,0.84,61.4,39.8,Safe
VH005,Petrol,SUV,2026-07-24 19:16:56.213000,251.1,188.2,409.6,7.34,55.9,2.4,78.6,45.9,Safe
VH005,Petrol,SUV,2026-07-24 19:17:11.213000,171.3,198.9,476.0,7.68,54.0,3.61,80.4,39.2,Safe
VH005,Petrol,SUV,2026-07-24 19:17:26.213000,135.4,164.9,530.2,7.79,40.6,8.99,65.4,62.8,Safe
VH005,Petrol,SUV,2026-07-24 19:17:41.213000,101.7,106.4,462.5,1.27,29.7,5.52,66.6,53.8,Safe
VH005,Petrol,SUV,2026-07-24 19:17:56.213000,162.7,93.3,518.9,7.54,20.8,6.19,70.5,46.3,Safe
VH005,Petrol,SUV,2026-07-24 19:18:11.213000,156.6,276.1,465.5,3.88,62.9,7.3,79.8,61.9,Safe
VH005,Petrol,SUV,2026-07-24 19:18:26.213000,188.6,301.1,549.1,2.46,22.2,9.81,79.4,42.3,Safe
VH005,Petrol,SUV,2026-07-24 19:18:41.213000,128.0,284.1,522.4,3.84,67.7,9.79,80.0,67.3,Safe
VH005,Petrol,SUV,2026-07-24 19:18:56.213000,154.3,276.7,480.4,4.93,29.2,10.51,68.6,46.8,Safe
VH005,Petrol,SUV,2026-07-24 19:19:11.213000,251.7,162.2,389.9,0.2,33.8,12.55,70.0,56.0,Safe
VH005,Petrol,SUV,2026-07-24 19:19:26.213000,254.6,289.2,518.7,5.79,45.6,6.7,63.6,49.4,Safe
VH005,Petrol,SUV,2026-07-24 19:19:41.213000,235.0,149.9,446.1,1.81,30.6,5.02,58.1,52.2,Safe
VH005,Petrol,SUV,2026-07-24 19:19:56.213000,314.1,366.7,713.2,9.98,96.5,20.2,89.3,53.0,Moderate
VH005,Petrol,SUV,2026-07-24 19:20:11.213000,186.9,196.6,496.1,0.82,64.1,10.43,67.6,53.9,Safe
VH005,Petrol,SUV,2026-07-24 19:20:26.213000,215.0,286.6,436.9,0.23,33.0,2.0,80.2,55.7,Safe
VH005,Petrol,SUV,2026-07-24 19:20:41.213000,186.1,172.2,460.6,2.86,38.5,1.36,82.0,42.6,Safe
VH005,Petrol,SUV,2026-07-24 19:20:56.213000,298.9,332.8,675.0,9.49,87.9,16.98,86.8,45.2,Moderate
VH005,Petrol,SUV,2026-07-24 19:21:11.213000,304.6,355.3,733.2,9.92,96.1,17.91,88.5,46.5,Moderate
VH005,Petrol,SUV,2026-07-24 19:21:26.213000,153.4,292.2,440.0,0.51,59.9,3.49,80.1,54.1,Safe
VH005,Petrol,SUV,2026-07-24 19:21:41.213000,146.5,204.6,484.2,1.49,44.9,7.34,62.8,54.9,Safe
VH005,Petrol,SUV,2026-07-24 19:21:56.213000,93.5,225.2,468.3,7.13,67.3,1.35,66.3,59.3,Safe
VH005,Petrol,SUV,2026-07-24 19:22:11.213000,271.3,336.5,663.1,9.65,83.8,15.57,84.8,54.6,Moderate
VH005,Petrol,SUV,2026-07-24 19:22:26.213000,153.2,95.6,447.0,3.45,13.5,4.02,78.8,39.2,Safe
VH005,Petrol,SUV,2026-07-24 19:22:41.213000,302.1,361.6,712.3,10.74,92.9,18.95,89.7,60.6,Moderate
VH006,Petrol,Motorcycle,2026-07-24 18:36:41.213000,73.4,96.3,436.7,3.29,36.8,4.87,62.4,53.8,Safe
VH006,Petrol,Motorcycle,2026-07-24 18:36:56.213000,98.1,173.9,368.1,2.29,3.7,3.46,53.4,47.9,Safe
VH006,Petrol,Motorcycle,2026-07-24 18:37:11.213000,82.9,196.9,405.3,1.59,39.2,2.98,58.6,63.8,Safe
VH006,Petrol,Motorcycle,2026-07-24 18:37:26.213000,147.2,209.8,356.7,0.53,10.8,3.76,66.8,52.3,Safe
VH006,Petrol,Motorcycle,2026-07-24 18:37:41.213000,115.8,84.6,514.5,2.79,38.6,7.7,63.0,71.4,Safe
VH006,Petrol,Motorcycle,2026-07-24 18:37:56.213000,113.4,195.9,453.9,2.84,40.3,2.97,71.0,64.3,Safe
VH006,Petrol,Motorcycle,2026-07-24 18:38:11.213000,159.3,185.4,434.0,3.18,27.5,4.72,51.4,64.7,Safe
VH006,Petrol,Motorcycle,2026-07-24 18:38:26.213000,142.4,89.3,413.7,1.28,33.2,7.48,44.8,62.8,Safe
VH006,Petrol,Motorcycle,2026-07-24 18:38:41.213000,78.9,71.0,512.6,3.98,9.6,3.2,60.0,44.4,Safe
VH006,Petrol,Motorcycle,2026-07-24 18:38:56.213000,164.6,108.9,418.9,5.56,27.3,7.37,42.6,43.7,Safe
VH006,Petrol,Motorcycle,2026-07-24 18:39:11.213000,117.1,94.5,470.9,1.84,21.8,3.61,54.2,68.0,Safe
VH006,Petrol,Motorcycle,2026-07-24 18:39:26.213000,180.5,95.2,421.3,3.34,25.7,0.92,48.0,50.9,Safe
VH006,Petrol,Motorcycle,2026-07-24 18:39:41.213000,177.7,184.7,456.6,6.01,34.0,7.57,45.9,60.7,Safe
VH006,Petrol,Motorcycle,2026-07-24 18:39:56.213000,109.1,172.2,369.0,3.41,14.5,4.51,42.9,50.2,Safe
VH006,Petrol,Motorcycle,2026-07-24 18:40:11.213000,92.8,116.8,486.7,0.79,27.3,2.37,69.7,45.4,Safe
VH006,Petrol,Motorcycle,2026-07-24 18:40:26.213000,123.4,92.4,488.1,4.92,11.0,6.14,42.6,43.0,Safe
VH006,Petrol,Motorcycle,2026-07-24 18:40:41.213000,131.6,126.9,502.4,4.65,43.0,0.38,57.1,45.7,Safe
VH006,Petrol,Motorcycle,2026-07-24 18:40:56.213000,80.4,146.9,409.7,1.81,34.5,2.76,49.3,45.9,Safe
VH006,Petrol,Motorcycle,2026-07-24 18:41:11.213000,174.4,108.8,398.6,5.52,28.3,1.06,49.5,56.9,Safe
VH006,Petrol,Motorcycle,2026-07-24 18:41:26.213000,183.9,114.8,401.5,5.33,47.7,2.98,66.3,46.8,Safe
VH006,Petrol,Motorcycle,2026-07-24 18:41:41.213000,108.4,171.9,396.0,0.65,45.0,1.84,68.6,60.2,Safe
VH006,Petrol,Motorcycle,2026-07-24 18:41:56.213000,110.6,81.2,411.5,3.17,9.5,5.17,70.1,55.1,Safe
VH006,Petrol,Motorcycle,2026-07-24 18:42:11.213000,149.1,194.2,436.0,5.46,23.5,1.05,73.6,56.3,Safe
VH006,Petrol,Motorcycle,2026-07-24 18:42:26.213000,147.2,164.3,415.0,3.27,25.3,6.43,65.6,48.3,Safe
VH006,Petrol,Motorcycle,2026-07-24 18:42:41.213000,108.9,70.6,414.3,4.54,31.1,3.11,51.7,64.8,Safe
VH006,Petrol,Motorcycle,2026-07-24 18:42:56.213000,258.6,182.9,364.0,3.18,41.5,8.05,47.0,67.5,Safe
VH006,Petrol,Motorcycle,2026-07-24 18:43:11.213000,101.7,134.1,478.8,5.14,44.0,5.02,49.8,58.2,Safe
VH006,Petrol,Motorcycle,2026-07-24 18:43:26.213000,128.1,123.3,450.2,4.83,7.4,3.79,73.3,70.8,Safe
VH006,Petrol,Motorcycle,2026-07-24 18:43:41.213000,108.4,182.5,417.4,3.28,16.8,2.16,47.3,52.8,Safe
VH006,Petrol,Motorcycle,2026-07-24 18:43:56.213000,174.8,135.1,367.1,2.78,39.5,4.98,42.7,57.9,Safe
VH006,Petrol,Motorcycle,2026-07-24 18:44:11.213000,87.8,148.6,401.3,2.39,27.1,3.24,63.0,70.0,Safe
VH006,Petrol,Motorcycle,2026-07-24 18:44:26.213000,154.5,97.1,453.5,5.11,26.0,13.49,58.3,45.7,Safe
VH006,Petrol,Motorcycle,2026-07-24 18:44:41.213000,150.7,181.8,439.5,2.33,28.7,8.69,50.4,54.1,Safe
VH006,Petrol,Motorcycle,2026-07-24 18:44:56.213000,178.1,205.6,498.5,9.35,23.6,13.68,49.3,60.6,Safe
VH006,Petrol,Motorcycle,2026-07-24 18:45:11.213000,190.8,188.3,403.8,4.98,32.5,6.53,68.6,48.4,Safe
VH006,Petrol,Motorcycle,2026-07-24 18:45:26.213000,93.5,125.8,452.5,2.14,44.2,1.26,67.8,68.1,Safe
VH006,Petrol,Motorcycle,2026-07-24 18:45:41.213000,219.4,138.0,441.3,5.45,32.4,14.31,66.8,41.1,Safe
VH006,Petrol,Motorcycle,2026-07-24 18:45:56.213000,152.2,170.1,505.9,4.95,15.9,6.5,42.2,58.5,Safe
VH006,Petrol,Motorcycle,2026-07-24 18:46:11.213000,124.2,99.1,481.1,7.8,29.5,13.19,73.2,64.9,Safe
VH006,Petrol,Motorcycle,2026-07-24 18:46:26.213000,173.9,88.7,480.2,2.16,7.4,0.0,43.6,72.2,Safe
VH006,Petrol,Motorcycle,2026-07-24 18:46:41.213000,109.2,192.6,423.3,1.12,42.8,7.71,69.3,44.5,Safe
VH006,Petrol,Motorcycle,2026-07-24 18:46:56.213000,95.3,129.0,365.4,6.24,23.6,0.0,47.4,54.1,Safe
VH006,Petrol,Motorcycle,2026-07-24 18:47:11.213000,183.0,115.9,407.8,1.28,43.2,6.72,66.8,65.2,Safe
VH006,Petrol,Motorcycle,2026-07-24 18:47:26.213000,216.3,195.4,458.6,10.68,21.1,12.83,47.0,72.6,Safe
VH006,Petrol,Motorcycle,2026-07-24 18:47:41.213000,191.5,152.3,466.4,4.8,25.6,3.74,49.0,62.7,Safe
VH006,Petrol,Motorcycle,2026-07-24 18:47:56.213000,71.5,175.2,411.3,1.87,42.2,1.37,61.7,60.3,Safe
VH006,Petrol,Motorcycle,2026-07-24 18:48:11.213000,156.0,191.5,363.6,1.65,27.0,4.84,43.6,68.9,Safe
VH006,Petrol,Motorcycle,2026-07-24 18:48:26.213000,114.0,161.3,375.6,4.58,31.6,3.5,75.9,58.4,Safe
VH006,Petrol,Motorcycle,2026-07-24 18:48:41.213000,135.8,121.5,510.3,0.24,36.7,6.27,59.1,47.6,Safe
VH006,Petrol,Motorcycle,2026-07-24 18:48:56.213000,109.7,81.2,492.7,0.13,35.4,6.77,62.0,71.4,Safe
VH006,Petrol,Motorcycle,2026-07-24 18:49:11.213000,97.3,180.7,487.0,4.08,22.1,8.04,53.4,49.7,Safe
VH006,Petrol,Motorcycle,2026-07-24 18:49:26.213000,164.6,168.4,396.6,1.65,10.9,3.71,66.7,43.4,Safe
VH006,Petrol,Motorcycle,2026-07-24 18:49:41.213000,105.8,149.9,413.3,4.56,7.1,2.53,46.5,61.5,Safe
VH006,Petrol,Motorcycle,2026-07-24 18:49:56.213000,145.6,114.1,485.8,0.0,35.4,7.11,61.5,64.5,Safe
VH006,Petrol,Motorcycle,2026-07-24 18:50:11.213000,119.9,83.3,378.9,2.98,13.1,6.94,51.6,69.3,Safe
VH006,Petrol,Motorcycle,2026-07-24 18:50:26.213000,161.2,122.0,479.4,0.19,25.1,8.69,42.9,60.0,Safe
VH006,Petrol,Motorcycle,2026-07-24 18:50:41.213000,137.8,110.2,435.2,3.85,25.9,5.35,55.8,50.2,Safe
VH006,Petrol,Motorcycle,2026-07-24 18:50:56.213000,127.7,205.1,473.8,5.3,16.3,0.56,40.2,67.3,Safe
VH006,Petrol,Motorcycle,2026-07-24 18:51:11.213000,199.5,122.9,394.6,0.17,34.4,6.53,72.9,54.8,Safe
VH006,Petrol,Motorcycle,2026-07-24 18:51:26.213000,114.4,167.3,401.4,3.14,34.4,2.48,45.2,62.8,Safe
VH006,Petrol,Motorcycle,2026-07-24 18:51:41.213000,127.6,206.6,445.3,1.39,37.0,4.96,59.0,51.1,Safe
VH006,Petrol,Motorcycle,2026-07-24 18:51:56.213000,98.5,119.6,384.3,1.16,39.2,1.91,63.9,46.0,Safe
VH006,Petrol,Motorcycle,2026-07-24 18:52:11.213000,189.7,210.7,461.1,2.69,42.2,3.27,75.2,63.7,Safe
VH006,Petrol,Motorcycle,2026-07-24 18:52:26.213000,100.4,100.1,476.4,2.25,33.1,3.11,57.3,45.2,Safe
VH006,Petrol,Motorcycle,2026-07-24 18:52:41.213000,109.3,149.8,391.6,0.62,40.5,5.93,51.1,42.2,Safe
VH006,Petrol,Motorcycle,2026-07-24 18:52:56.213000,148.5,201.9,498.5,0.47,37.1,3.23,56.1,58.3,Safe
VH006,Petrol,Motorcycle,2026-07-24 18:53:11.213000,73.4,110.0,457.6,1.33,18.7,6.69,43.1,43.6,Safe
VH006,Petrol,Motorcycle,2026-07-24 18:53:26.213000,162.0,114.9,443.5,4.18,15.2,6.17,75.4,58.2,Safe
VH006,Petrol,Motorcycle,2026-07-24 18:53:41.213000,178.0,114.0,393.6,0.59,8.4,6.91,49.5,70.7,Safe
VH006,Petrol,Motorcycle,2026-07-24 18:53:56.213000,128.6,205.5,401.6,1.62,35.4,4.93,56.1,68.9,Safe
VH006,Petrol,Motorcycle,2026-07-24 18:54:11.213000,113.5,127.0,462.4,4.2,10.0,5.86,47.3,58.1,Safe
VH006,Petrol,Motorcycle,2026-07-24 18:54:26.213000,154.6,105.0,499.1,4.67,41.2,3.69,72.2,42.9,Safe
VH006,Petrol,Motorcycle,2026-07-24 18:54:41.213000,129.9,164.7,484.1,2.92,43.0,4.43,59.4,65.4,Safe
VH006,Petrol,Motorcycle,2026-07-24 18:54:56.213000,85.2,182.4,433.4,5.43,32.6,2.34,43.5,65.8,Safe
VH006,Petrol,Motorcycle,2026-07-24 18:55:11.213000,175.3,153.3,421.7,0.83,38.1,7.09,45.2,43.6,Safe
VH006,Petrol,Motorcycle,2026-07-24 18:55:26.213000,180.3,67.8,488.4,1.8,26.7,1.02,53.0,50.3,Safe
VH006,Petrol,Motorcycle,2026-07-24 18:55:41.213000,115.8,131.8,489.8,1.92,17.9,3.49,59.3,61.0,Safe
VH006,Petrol,Motorcycle,2026-07-24 18:55:56.213000,128.8,108.9,517.6,3.79,3.8,5.15,51.5,45.6,Safe
VH006,Petrol,Motorcycle,2026-07-24 18:56:11.213000,117.0,179.3,413.7,5.02,6.7,4.71,46.1,52.3,Safe
VH006,Petrol,Motorcycle,2026-07-24 18:56:26.213000,141.8,115.0,463.1,1.7,11.0,1.98,44.0,44.9,Safe
VH006,Petrol,Motorcycle,2026-07-24 18:56:41.213000,160.1,143.0,438.1,1.6,33.1,6.61,50.6,50.4,Safe
VH006,Petrol,Motorcycle,2026-07-24 18:56:56.213000,83.4,137.8,441.3,4.96,44.0,2.83,67.4,64.2,Safe
VH006,Petrol,Motorcycle,2026-07-24 18:57:11.213000,156.4,124.4,366.4,2.73,36.9,1.25,68.4,54.8,Safe
VH006,Petrol,Motorcycle,2026-07-24 18:57:26.213000,146.4,197.6,418.5,3.67,40.7,6.05,61.1,60.6,Safe
VH006,Petrol,Motorcycle,2026-07-24 18:57:41.213000,145.3,154.0,483.1,1.06,39.3,4.3,57.6,54.8,Safe
VH006,Petrol,Motorcycle,2026-07-24 18:57:56.213000,138.4,165.6,500.5,7.83,29.0,14.38,68.4,68.0,Safe
VH006,Petrol,Motorcycle,2026-07-24 18:58:11.213000,177.4,202.9,446.0,1.75,25.3,6.64,53.4,49.3,Safe
VH006,Petrol,Motorcycle,2026-07-24 18:58:26.213000,151.7,173.7,463.6,6.24,30.2,0.34,62.4,62.1,Safe
VH006,Petrol,Motorcycle,2026-07-24 18:58:41.213000,85.7,90.0,437.8,2.94,17.3,5.23,66.7,44.6,Safe
VH006,Petrol,Motorcycle,2026-07-24 18:58:56.213000,131.9,119.4,426.2,5.45,36.5,6.34,51.3,51.1,Safe
VH006,Petrol,Motorcycle,2026-07-24 18:59:11.213000,155.2,110.1,444.2,4.75,16.2,2.71,53.3,62.1,Safe
VH006,Petrol,Motorcycle,2026-07-24 18:59:26.213000,166.2,134.7,428.3,1.28,9.2,0.0,73.7,44.3,Safe
VH006,Petrol,Motorcycle,2026-07-24 18:59:41.213000,157.8,114.4,360.4,6.34,46.6,7.25,52.7,58.0,Safe
VH006,Petrol,Motorcycle,2026-07-24 18:59:56.213000,121.2,140.8,392.7,0.67,8.4,1.74,41.9,56.9,Safe
VH006,Petrol,Motorcycle,2026-07-24 19:00:11.213000,74.7,184.9,407.9,4.43,24.6,6.96,69.0,44.6,Safe
VH006,Petrol,Motorcycle,2026-07-24 19:00:26.213000,83.7,109.1,504.0,0.43,25.9,7.41,74.0,45.9,Safe
VH006,Petrol,Motorcycle,2026-07-24 19:00:41.213000,140.7,116.1,512.8,3.02,25.7,1.29,48.8,56.3,Safe
VH006,Petrol,Motorcycle,2026-07-24 19:00:56.213000,79.8,168.8,444.6,5.51,10.4,5.67,43.2,50.0,Safe
VH006,Petrol,Motorcycle,2026-07-24 19:01:11.213000,135.8,133.6,390.2,5.52,23.7,4.47,55.5,58.6,Safe
VH006,Petrol,Motorcycle,2026-07-24 19:01:26.213000,133.0,68.1,498.5,3.57,16.7,5.87,46.7,50.5,Safe
VH006,Petrol,Motorcycle,2026-07-24 19:01:41.213000,104.6,192.6,397.4,1.09,48.0,2.54,65.6,58.6,Safe
VH006,Petrol,Motorcycle,2026-07-24 19:01:56.213000,80.8,89.9,416.5,2.66,17.1,5.38,51.8,66.7,Safe
VH006,Petrol,Motorcycle,2026-07-24 19:02:11.213000,144.5,102.7,460.2,5.37,13.9,8.02,54.3,60.2,Safe
VH006,Petrol,Motorcycle,2026-07-24 19:02:26.213000,163.8,101.4,504.3,2.93,18.0,0.69,61.7,57.0,Safe
VH006,Petrol,Motorcycle,2026-07-24 19:02:41.213000,106.8,138.0,488.4,4.7,28.0,6.52,71.1,66.2,Safe
VH006,Petrol,Motorcycle,2026-07-24 19:02:56.213000,142.1,182.4,481.7,0.31,37.5,6.43,59.2,65.0,Safe
VH006,Petrol,Motorcycle,2026-07-24 19:03:11.213000,108.9,107.1,362.6,4.01,41.5,3.72,60.2,48.2,Safe
VH006,Petrol,Motorcycle,2026-07-24 19:03:26.213000,175.9,135.2,490.6,0.82,27.4,1.52,47.0,52.4,Safe
VH006,Petrol,Motorcycle,2026-07-24 19:03:41.213000,182.3,110.3,511.5,3.11,11.2,5.86,53.7,60.4,Safe
VH006,Petrol,Motorcycle,2026-07-24 19:03:56.213000,117.1,161.2,407.9,4.52,28.9,3.96,67.0,55.2,Safe
VH006,Petrol,Motorcycle,2026-07-24 19:04:11.213000,165.4,88.4,448.0,5.4,42.1,3.41,58.4,59.1,Safe
VH006,Petrol,Motorcycle,2026-07-24 19:04:26.213000,92.4,116.7,374.2,0.58,27.6,6.92,76.2,54.9,Safe
VH006,Petrol,Motorcycle,2026-07-24 19:04:41.213000,102.5,163.7,440.8,2.71,42.3,3.95,53.0,65.2,Safe
VH006,Petrol,Motorcycle,2026-07-24 19:04:56.213000,201.1,189.7,458.1,8.97,36.7,9.44,64.7,69.3,Safe
VH006,Petrol,Motorcycle,2026-07-24 19:05:11.213000,158.3,148.3,431.1,5.31,10.5,7.24,46.0,57.5,Safe
VH006,Petrol,Motorcycle,2026-07-24 19:05:26.213000,62.9,208.5,418.0,2.02,29.0,4.98,66.6,62.4,Safe
VH006,Petrol,Motorcycle,2026-07-24 19:05:41.213000,169.3,198.6,460.3,4.74,33.2,7.23,70.8,42.6,Safe
VH006,Petrol,Motorcycle,2026-07-24 19:05:56.213000,197.8,134.3,470.6,2.47,28.1,6.04,61.7,53.8,Safe
VH006,Petrol,Motorcycle,2026-07-24 19:06:11.213000,76.1,80.3,398.0,1.03,6.2,3.3,59.9,51.8,Safe
VH006,Petrol,Motorcycle,2026-07-24 19:06:26.213000,134.9,134.9,436.1,0.84,28.8,7.04,68.7,66.6,Safe
VH006,Petrol,Motorcycle,2026-07-24 19:06:41.213000,88.8,143.7,462.9,3.13,8.6,0.14,61.4,50.0,Safe
VH006,Petrol,Motorcycle,2026-07-24 19:06:56.213000,125.0,77.5,396.8,8.66,37.7,13.39,62.5,59.7,Safe
VH006,Petrol,Motorcycle,2026-07-24 19:07:11.213000,144.6,89.8,462.1,1.56,9.9,2.66,49.5,53.5,Safe
VH006,Petrol,Motorcycle,2026-07-24 19:07:26.213000,146.4,218.6,471.1,4.42,20.5,0.95,61.8,59.0,Safe
VH006,Petrol,Motorcycle,2026-07-24 19:07:41.213000,99.7,197.7,377.5,0.52,43.9,5.4,51.6,54.5,Safe
VH006,Petrol,Motorcycle,2026-07-24 19:07:56.213000,162.3,156.1,493.6,6.21,31.8,7.41,42.9,62.8,Safe
VH006,Petrol,Motorcycle,2026-07-24 19:08:11.213000,129.2,204.2,425.4,3.29,7.4,0.27,47.3,59.8,Safe
VH006,Petrol,Motorcycle,2026-07-24 19:08:26.213000,198.7,92.2,373.8,0.93,18.9,5.29,72.4,70.2,Safe
VH006,Petrol,Motorcycle,2026-07-24 19:08:41.213000,110.0,183.3,376.8,3.98,15.0,5.01,63.3,70.5,Safe
VH006,Petrol,Motorcycle,2026-07-24 19:08:56.213000,164.9,88.9,472.1,2.31,39.2,4.58,75.7,54.4,Safe
VH006,Petrol,Motorcycle,2026-07-24 19:09:11.213000,182.6,192.1,521.9,9.7,12.8,17.36,39.6,52.3,Safe
VH006,Petrol,Motorcycle,2026-07-24 19:09:26.213000,111.6,166.0,488.2,5.51,14.2,2.83,70.2,57.0,Safe
VH006,Petrol,Motorcycle,2026-07-24 19:09:41.213000,193.4,118.4,374.8,0.68,3.6,4.39,42.3,47.4,Safe
VH006,Petrol,Motorcycle,2026-07-24 19:09:56.213000,90.6,141.9,488.5,1.49,30.2,4.68,66.3,57.8,Safe
VH006,Petrol,Motorcycle,2026-07-24 19:10:11.213000,178.5,148.9,401.2,2.14,20.2,2.5,71.3,52.1,Safe
VH006,Petrol,Motorcycle,2026-07-24 19:10:26.213000,98.1,85.0,509.2,1.55,24.9,1.47,73.2,56.5,Safe
VH006,Petrol,Motorcycle,2026-07-24 19:10:41.213000,185.8,127.3,396.0,2.1,26.9,3.46,70.6,44.4,Safe
VH006,Petrol,Motorcycle,2026-07-24 19:10:56.213000,98.7,164.2,505.9,0.84,14.3,5.44,62.5,57.8,Safe
VH006,Petrol,Motorcycle,2026-07-24 19:11:11.213000,143.3,124.4,476.4,1.09,5.2,5.8,65.8,54.0,Safe
VH006,Petrol,Motorcycle,2026-07-24 19:11:26.213000,126.8,98.3,393.6,2.89,38.9,4.17,44.8,46.8,Safe
VH006,Petrol,Motorcycle,2026-07-24 19:11:41.213000,117.7,116.3,482.0,3.48,33.4,0.0,41.0,53.0,Safe
VH006,Petrol,Motorcycle,2026-07-24 19:11:56.213000,82.6,122.4,443.8,5.13,38.2,6.42,59.3,61.0,Safe
VH006,Petrol,Motorcycle,2026-07-24 19:12:11.213000,85.6,120.3,470.4,0.84,35.4,3.03,59.9,50.0,Safe
VH006,Petrol,Motorcycle,2026-07-24 19:12:26.213000,69.0,154.9,481.2,2.44,13.9,6.04,44.5,55.3,Safe
VH006,Petrol,Motorcycle,2026-07-24 19:12:41.213000,170.4,173.2,437.3,3.27,17.1,9.8,52.0,44.2,Safe
VH006,Petrol,Motorcycle,2026-07-24 19:12:56.213000,119.8,127.3,511.2,1.17,41.2,3.84,45.9,63.2,Safe
VH006,Petrol,Motorcycle,2026-07-24 19:13:11.213000,165.6,82.8,423.0,2.33,18.5,0.89,62.9,62.8,Safe
VH006,Petrol,Motorcycle,2026-07-24 19:13:26.213000,135.4,133.8,378.9,0.81,19.0,5.68,58.9,50.8,Safe
VH006,Petrol,Motorcycle,2026-07-24 19:13:41.213000,143.1,148.8,413.7,2.65,29.8,1.55,67.9,49.9,Safe
VH006,Petrol,Motorcycle,2026-07-24 19:13:56.213000,191.2,201.7,442.2,2.64,11.8,0.91,65.1,52.9,Safe
VH006,Petrol,Motorcycle,2026-07-24 19:14:11.213000,113.9,90.3,508.2,9.96,6.6,12.98,44.6,49.2,Safe
VH006,Petrol,Motorcycle,2026-07-24 19:14:26.213000,180.1,131.1,452.2,0.98,16.0,0.95,40.8,65.3,Safe
VH006,Petrol,Motorcycle,2026-07-24 19:14:41.213000,128.7,157.6,396.5,5.26,38.3,6.98,57.2,51.6,Safe
VH006,Petrol,Motorcycle,2026-07-24 19:14:56.213000,108.1,152.6,468.6,2.6,33.1,5.62,39.8,71.4,Safe
VH006,Petrol,Motorcycle,2026-07-24 19:15:11.213000,160.8,184.4,402.9,5.45,42.4,6.82,75.8,51.1,Safe
VH006,Petrol,Motorcycle,2026-07-24 19:15:26.213000,149.9,122.0,424.2,2.72,27.9,7.29,68.2,48.8,Safe
VH006,Petrol,Motorcycle,2026-07-24 19:15:41.213000,133.5,69.4,376.0,1.2,17.5,0.0,56.6,49.5,Safe
VH006,Petrol,Motorcycle,2026-07-24 19:15:56.213000,181.7,162.7,448.8,1.95,11.5,7.41,55.0,66.6,Safe
VH006,Petrol,Motorcycle,2026-07-24 19:16:11.213000,137.5,198.9,432.6,2.5,26.7,2.35,67.9,66.6,Safe
VH006,Petrol,Motorcycle,2026-07-24 19:16:26.213000,81.0,163.8,371.4,3.33,21.3,7.76,69.9,61.2,Safe
VH006,Petrol,Motorcycle,2026-07-24 19:16:41.213000,240.5,116.6,427.7,7.84,14.8,19.07,47.7,69.1,Safe
VH006,Petrol,Motorcycle,2026-07-24 19:16:56.213000,90.6,180.3,384.1,5.08,28.1,2.8,61.2,41.3,Safe
VH006,Petrol,Motorcycle,2026-07-24 19:17:11.213000,164.6,174.5,433.0,1.71,21.7,1.44,74.2,54.4,Safe
VH006,Petrol,Motorcycle,2026-07-24 19:17:26.213000,120.7,118.9,421.3,2.61,40.7,1.09,47.2,56.1,Safe
VH006,Petrol,Motorcycle,2026-07-24 19:17:41.213000,124.7,101.6,508.2,4.97,28.1,6.21,47.5,50.4,Safe
VH006,Petrol,Motorcycle,2026-07-24 19:17:56.213000,62.9,132.4,432.3,4.42,12.9,6.36,66.4,52.6,Safe
VH006,Petrol,Motorcycle,2026-07-24 19:18:11.213000,92.5,143.3,466.2,4.88,26.6,7.84,74.0,50.2,Safe
VH006,Petrol,Motorcycle,2026-07-24 19:18:26.213000,87.8,156.8,391.5,0.37,36.5,4.44,51.2,44.0,Safe
VH006,Petrol,Motorcycle,2026-07-24 19:18:41.213000,189.7,102.8,480.6,4.07,32.3,1.19,47.6,55.5,Safe
VH006,Petrol,Motorcycle,2026-07-24 19:18:56.213000,105.9,90.9,350.8,1.58,16.5,3.91,58.6,61.0,Safe
VH006,Petrol,Motorcycle,2026-07-24 19:19:11.213000,127.1,84.4,493.3,1.04,24.8,2.64,46.4,60.7,Safe
VH006,Petrol,Motorcycle,2026-07-24 19:19:26.213000,141.3,80.6,464.9,4.77,41.1,6.63,58.4,58.6,Safe
VH006,Petrol,Motorcycle,2026-07-24 19:19:41.213000,150.5,191.1,415.7,2.97,36.2,6.79,45.9,70.5,Safe
VH006,Petrol,Motorcycle,2026-07-24 19:19:56.213000,167.0,167.1,434.3,4.87,19.3,6.19,63.5,67.6,Safe
VH006,Petrol,Motorcycle,2026-07-24 19:20:11.213000,81.7,96.4,453.6,0.19,35.7,1.71,62.3,67.3,Safe
VH006,Petrol,Motorcycle,2026-07-24 19:20:26.213000,154.2,89.9,438.8,3.76,21.0,6.62,62.8,67.7,Safe
VH006,Petrol,Motorcycle,2026-07-24 19:20:41.213000,155.8,191.0,494.4,1.63,27.3,7.4,67.4,45.1,Safe
VH006,Petrol,Motorcycle,2026-07-24 19:20:56.213000,136.7,99.4,515.7,6.86,16.3,14.52,67.8,71.8,Safe
VH006,Petrol,Motorcycle,2026-07-24 19:21:11.213000,95.0,179.8,466.2,1.99,6.7,8.12,47.7,62.2,Safe
VH006,Petrol,Motorcycle,2026-07-24 19:21:26.213000,236.7,132.9,511.6,3.26,13.7,9.43,48.6,42.7,Safe
VH006,Petrol,Motorcycle,2026-07-24 19:21:41.213000,82.4,102.6,383.5,5.62,45.9,1.46,71.0,63.9,Safe
VH006,Petrol,Motorcycle,2026-07-24 19:21:56.213000,156.3,183.6,476.4,2.94,35.2,6.54,51.4,50.7,Safe
VH006,Petrol,Motorcycle,2026-07-24 19:22:11.213000,132.8,75.8,515.7,3.37,15.1,8.22,42.5,52.8,Safe
VH006,Petrol,Motorcycle,2026-07-24 19:22:26.213000,135.8,205.0,438.7,1.85,26.9,3.83,56.3,52.1,Safe
VH006,Petrol,Motorcycle,2026-07-24 19:22:41.213000,185.9,108.7,403.3,0.0,2.9,4.23,43.6,64.7,Safe
VH007,Diesel,Heavy Lorry,2026-07-24 18:36:41.213000,368.6,159.3,455.1,2.08,56.3,18.56,68.4,58.5,Safe
VH007,Diesel,Heavy Lorry,2026-07-24 18:36:56.213000,185.4,215.6,518.4,2.7,54.2,23.69,98.0,56.4,Safe
VH007,Diesel,Heavy Lorry,2026-07-24 18:37:11.213000,184.9,259.0,639.7,3.38,65.3,20.52,83.2,39.7,Safe
VH007,Diesel,Heavy Lorry,2026-07-24 18:37:26.213000,290.1,209.6,441.0,11.96,57.7,20.1,87.5,50.0,Safe
VH007,Diesel,Heavy Lorry,2026-07-24 18:37:41.213000,215.2,262.3,485.6,13.28,79.2,9.64,73.6,48.4,Safe
VH007,Diesel,Heavy Lorry,2026-07-24 18:37:56.213000,305.0,244.2,674.8,12.43,67.4,6.3,85.1,56.3,Safe
VH007,Diesel,Heavy Lorry,2026-07-24 18:38:11.213000,170.4,303.7,607.8,9.11,73.2,20.62,65.5,40.0,Safe
VH007,Diesel,Heavy Lorry,2026-07-24 18:38:26.213000,302.0,243.3,649.0,4.21,80.9,17.26,84.4,54.7,Safe
VH007,Diesel,Heavy Lorry,2026-07-24 18:38:41.213000,291.3,323.6,677.8,3.78,73.1,18.93,91.2,31.8,Safe
VH007,Diesel,Heavy Lorry,2026-07-24 18:38:56.213000,302.3,199.9,465.9,10.04,22.2,12.61,70.4,40.8,Safe
VH007,Diesel,Heavy Lorry,2026-07-24 18:39:11.213000,290.1,358.6,493.4,3.46,37.7,18.06,67.7,35.4,Safe
VH007,Diesel,Heavy Lorry,2026-07-24 18:39:26.213000,379.7,265.5,529.1,6.37,24.1,13.26,66.4,49.4,Safe
VH007,Diesel,Heavy Lorry,2026-07-24 18:39:41.213000,458.9,329.6,611.8,16.88,59.2,22.7,77.6,55.2,Safe
VH007,Diesel,Heavy Lorry,2026-07-24 18:39:56.213000,239.7,370.1,505.3,12.4,24.3,11.72,94.2,39.3,Safe
VH007,Diesel,Heavy Lorry,2026-07-24 18:40:11.213000,260.7,251.7,607.3,13.95,29.5,12.28,98.4,38.8,Safe
VH007,Diesel,Heavy Lorry,2026-07-24 18:40:26.213000,212.6,321.7,575.1,7.37,79.9,6.12,67.8,56.7,Safe
VH007,Diesel,Heavy Lorry,2026-07-24 18:40:41.213000,272.2,200.2,515.1,3.55,85.0,23.06,73.1,35.0,Safe
VH007,Diesel,Heavy Lorry,2026-07-24 18:40:56.213000,260.8,218.5,680.6,4.98,45.8,14.3,64.3,42.0,Safe
VH007,Diesel,Heavy Lorry,2026-07-24 18:41:11.213000,351.0,245.3,534.6,11.01,83.5,24.14,77.0,60.7,Safe
VH007,Diesel,Heavy Lorry,2026-07-24 18:41:26.213000,353.6,233.5,526.0,4.03,91.7,20.86,84.1,53.3,Safe
VH007,Diesel,Heavy Lorry,2026-07-24 18:41:41.213000,426.7,237.4,556.8,17.11,66.0,29.09,79.8,50.4,Safe
VH007,Diesel,Heavy Lorry,2026-07-24 18:41:56.213000,229.4,268.1,484.5,12.94,63.3,23.87,98.5,57.0,Safe
VH007,Diesel,Heavy Lorry,2026-07-24 18:42:11.213000,336.1,301.3,558.4,2.56,102.7,12.1,86.4,42.7,Safe
VH007,Diesel,Heavy Lorry,2026-07-24 18:42:26.213000,260.8,328.4,476.1,13.88,102.1,34.7,97.3,33.8,Safe
VH007,Diesel,Heavy Lorry,2026-07-24 18:42:41.213000,192.0,331.4,526.4,4.55,33.0,9.22,84.0,59.2,Safe
VH007,Diesel,Heavy Lorry,2026-07-24 18:42:56.213000,367.7,332.3,696.3,13.04,33.8,16.98,71.6,40.1,Safe
VH007,Diesel,Heavy Lorry,2026-07-24 18:43:11.213000,234.0,237.1,532.5,5.79,34.2,12.62,68.9,49.9,Safe
VH007,Diesel,Heavy Lorry,2026-07-24 18:43:26.213000,164.9,328.1,655.9,5.53,76.3,22.87,88.5,50.9,Safe
VH007,Diesel,Heavy Lorry,2026-07-24 18:43:41.213000,249.5,352.7,537.0,3.62,74.5,11.16,93.5,39.1,Safe
VH007,Diesel,Heavy Lorry,2026-07-24 18:43:56.213000,222.1,271.6,619.7,9.4,69.3,21.87,95.1,34.4,Safe
VH007,Diesel,Heavy Lorry,2026-07-24 18:44:11.213000,311.4,246.1,604.0,10.4,96.8,5.63,83.9,60.7,Safe
VH007,Diesel,Heavy Lorry,2026-07-24 18:44:26.213000,158.8,220.2,661.7,5.07,96.5,9.06,99.8,38.3,Safe
VH007,Diesel,Heavy Lorry,2026-07-24 18:44:41.213000,204.4,303.0,574.0,8.28,91.6,16.16,84.5,32.8,Safe
VH007,Diesel,Heavy Lorry,2026-07-24 18:44:56.213000,263.9,233.8,669.2,8.15,51.2,14.65,96.4,41.8,Safe
VH007,Diesel,Heavy Lorry,2026-07-24 18:45:11.213000,237.4,234.3,543.8,12.75,80.5,8.59,87.4,49.1,Safe
VH007,Diesel,Heavy Lorry,2026-07-24 18:45:26.213000,219.5,341.1,696.9,5.16,32.0,17.78,76.6,37.6,Safe
VH007,Diesel,Heavy Lorry,2026-07-24 18:45:41.213000,248.8,197.9,652.6,7.16,55.8,20.61,85.9,57.1,Safe
VH007,Diesel,Heavy Lorry,2026-07-24 18:45:56.213000,339.7,361.3,563.5,11.9,37.5,15.35,77.9,51.5,Safe
VH007,Diesel,Heavy Lorry,2026-07-24 18:46:11.213000,191.4,360.3,579.8,8.18,32.6,16.67,95.3,54.3,Safe
VH007,Diesel,Heavy Lorry,2026-07-24 18:46:26.213000,143.3,145.6,679.6,8.51,60.8,13.62,67.2,46.2,Safe
VH007,Diesel,Heavy Lorry,2026-07-24 18:46:41.213000,210.6,165.9,573.7,7.84,19.7,8.29,93.9,54.5,Safe
VH007,Diesel,Heavy Lorry,2026-07-24 18:46:56.213000,343.6,217.5,574.3,8.58,50.7,21.63,69.0,43.5,Safe
VH007,Diesel,Heavy Lorry,2026-07-24 18:47:11.213000,271.6,261.7,590.8,8.24,56.0,10.21,79.6,59.0,Safe
VH007,Diesel,Heavy Lorry,2026-07-24 18:47:26.213000,234.9,341.3,474.1,8.97,82.4,22.27,99.5,28.5,Safe
VH007,Diesel,Heavy Lorry,2026-07-24 18:47:41.213000,325.8,207.2,535.1,6.25,101.9,22.25,64.4,42.6,Safe
VH007,Diesel,Heavy Lorry,2026-07-24 18:47:56.213000,223.6,273.6,573.7,11.02,79.5,12.59,94.4,54.2,Safe
VH007,Diesel,Heavy Lorry,2026-07-24 18:48:11.213000,349.5,190.2,464.3,10.79,48.4,16.56,78.3,44.0,Safe
VH007,Diesel,Heavy Lorry,2026-07-24 18:48:26.213000,376.6,322.9,522.7,12.49,44.7,14.75,65.3,58.0,Safe
VH007,Diesel,Heavy Lorry,2026-07-24 18:48:41.213000,261.4,202.2,659.5,2.12,53.9,8.93,92.0,33.0,Safe
VH007,Diesel,Heavy Lorry,2026-07-24 18:48:56.213000,396.2,336.3,622.6,10.93,72.4,32.67,96.5,57.7,Safe
VH007,Diesel,Heavy Lorry,2026-07-24 18:49:11.213000,160.4,299.6,633.4,3.66,81.5,20.64,70.7,38.0,Safe
VH007,Diesel,Heavy Lorry,2026-07-24 18:49:26.213000,290.7,143.4,685.6,5.94,53.2,18.17,72.7,41.8,Safe
VH007,Diesel,Heavy Lorry,2026-07-24 18:49:41.213000,324.1,199.9,506.8,1.78,26.3,21.71,96.9,30.6,Safe
VH007,Diesel,Heavy Lorry,2026-07-24 18:49:56.213000,302.7,308.3,560.0,8.55,44.0,18.6,92.5,52.6,Safe
VH007,Diesel,Heavy Lorry,2026-07-24 18:50:11.213000,308.2,227.9,684.6,13.8,96.9,22.81,81.0,56.5,Safe
VH007,Diesel,Heavy Lorry,2026-07-24 18:50:26.213000,301.6,180.8,626.8,10.6,70.4,5.62,68.9,42.8,Safe
VH007,Diesel,Heavy Lorry,2026-07-24 18:50:41.213000,166.1,352.5,564.3,4.04,34.7,7.98,97.2,48.3,Safe
VH007,Diesel,Heavy Lorry,2026-07-24 18:50:56.213000,337.2,174.7,642.7,7.2,91.9,20.91,96.3,46.2,Safe
VH007,Diesel,Heavy Lorry,2026-07-24 18:51:11.213000,288.6,220.0,507.0,8.29,26.4,19.57,76.2,52.6,Safe
VH007,Diesel,Heavy Lorry,2026-07-24 18:51:26.213000,264.6,219.9,685.8,13.24,41.7,14.48,68.7,43.3,Safe
VH007,Diesel,Heavy Lorry,2026-07-24 18:51:41.213000,273.8,203.4,641.4,8.16,50.6,12.33,65.5,51.5,Safe
VH007,Diesel,Heavy Lorry,2026-07-24 18:51:56.213000,207.3,294.8,519.1,8.05,92.2,15.96,68.9,59.3,Safe
VH007,Diesel,Heavy Lorry,2026-07-24 18:52:11.213000,210.3,358.8,455.3,11.69,70.2,18.94,67.4,44.9,Safe
VH007,Diesel,Heavy Lorry,2026-07-24 18:52:26.213000,246.3,157.4,479.1,10.22,77.8,9.59,91.6,45.7,Safe
VH007,Diesel,Heavy Lorry,2026-07-24 18:52:41.213000,207.5,303.7,605.6,3.36,36.0,16.47,86.5,52.1,Safe
VH007,Diesel,Heavy Lorry,2026-07-24 18:52:56.213000,207.7,307.1,491.5,3.85,91.0,5.81,91.1,59.7,Safe
VH007,Diesel,Heavy Lorry,2026-07-24 18:53:11.213000,380.0,193.9,589.5,13.88,78.0,9.03,65.8,43.3,Safe
VH007,Diesel,Heavy Lorry,2026-07-24 18:53:26.213000,320.4,228.3,549.9,8.32,47.8,9.68,85.4,31.0,Safe
VH007,Diesel,Heavy Lorry,2026-07-24 18:53:41.213000,283.2,151.5,505.9,3.16,39.3,19.31,66.5,35.0,Safe
VH007,Diesel,Heavy Lorry,2026-07-24 18:53:56.213000,239.0,202.9,579.8,9.29,60.3,13.57,83.0,49.6,Safe
VH007,Diesel,Heavy Lorry,2026-07-24 18:54:11.213000,205.4,205.3,489.4,3.36,29.0,15.96,98.0,55.1,Safe
VH007,Diesel,Heavy Lorry,2026-07-24 18:54:26.213000,395.7,204.7,512.2,4.92,101.0,11.66,93.3,34.3,Safe
VH007,Diesel,Heavy Lorry,2026-07-24 18:54:41.213000,163.4,282.2,484.3,2.29,68.6,11.15,87.7,50.5,Safe
VH007,Diesel,Heavy Lorry,2026-07-24 18:54:56.213000,212.3,235.4,507.5,12.65,28.0,20.25,98.7,59.5,Safe
VH007,Diesel,Heavy Lorry,2026-07-24 18:55:11.213000,322.7,183.3,484.5,2.02,56.4,4.42,96.3,48.2,Safe
VH007,Diesel,Heavy Lorry,2026-07-24 18:55:26.213000,214.1,153.1,572.3,14.4,67.6,19.06,92.8,57.8,Safe
VH007,Diesel,Heavy Lorry,2026-07-24 18:55:41.213000,301.2,266.7,649.1,11.66,63.5,5.38,82.9,43.2,Safe
VH007,Diesel,Heavy Lorry,2026-07-24 18:55:56.213000,305.9,289.0,671.1,5.88,44.0,16.26,71.4,53.9,Safe
VH007,Diesel,Heavy Lorry,2026-07-24 18:56:11.213000,237.1,195.7,585.5,4.2,69.7,24.72,100.2,49.2,Safe
VH007,Diesel,Heavy Lorry,2026-07-24 18:56:26.213000,301.4,214.2,548.1,9.21,51.9,6.83,95.9,40.1,Safe
VH007,Diesel,Heavy Lorry,2026-07-24 18:56:41.213000,230.6,144.5,593.1,8.88,64.7,15.3,75.1,57.2,Safe
VH007,Diesel,Heavy Lorry,2026-07-24 18:56:56.213000,270.7,275.8,569.1,8.53,70.0,19.29,94.0,42.7,Safe
VH007,Diesel,Heavy Lorry,2026-07-24 18:57:11.213000,241.0,304.6,675.0,5.9,62.8,12.32,101.2,57.3,Safe
VH007,Diesel,Heavy Lorry,2026-07-24 18:57:26.213000,340.9,209.3,530.1,6.56,70.6,15.83,79.2,41.4,Safe
VH007,Diesel,Heavy Lorry,2026-07-24 18:57:41.213000,348.5,176.9,575.9,10.38,47.0,12.03,73.7,57.7,Safe
VH007,Diesel,Heavy Lorry,2026-07-24 18:57:56.213000,209.2,165.3,487.6,7.73,23.5,9.13,93.1,46.8,Safe
VH007,Diesel,Heavy Lorry,2026-07-24 18:58:11.213000,323.4,207.8,632.0,7.0,80.7,21.23,69.8,45.5,Safe
VH007,Diesel,Heavy Lorry,2026-07-24 18:58:26.213000,342.1,252.2,574.4,11.18,37.0,15.17,67.0,34.7,Safe
VH007,Diesel,Heavy Lorry,2026-07-24 18:58:41.213000,247.2,312.9,574.4,11.49,92.5,11.17,81.2,36.2,Safe
VH007,Diesel,Heavy Lorry,2026-07-24 18:58:56.213000,361.5,164.7,508.4,5.67,58.6,9.49,70.0,29.7,Safe
VH007,Diesel,Heavy Lorry,2026-07-24 18:59:11.213000,300.9,262.9,700.0,14.1,73.1,23.32,94.2,41.4,Safe
VH007,Diesel,Heavy Lorry,2026-07-24 18:59:26.213000,233.9,238.7,693.3,3.91,80.4,22.21,98.8,36.6,Safe
VH007,Diesel,Heavy Lorry,2026-07-24 18:59:41.213000,160.2,266.3,666.3,4.22,79.1,19.06,71.0,38.8,Safe
VH007,Diesel,Heavy Lorry,2026-07-24 18:59:56.213000,330.9,342.6,610.4,7.96,41.5,16.76,91.7,37.6,Safe
VH007,Diesel,Heavy Lorry,2026-07-24 19:00:11.213000,302.2,271.5,605.6,16.0,90.6,27.83,85.3,41.8,Safe
VH007,Diesel,Heavy Lorry,2026-07-24 19:00:26.213000,221.4,231.8,626.8,6.91,99.1,20.95,80.7,38.3,Safe
VH007,Diesel,Heavy Lorry,2026-07-24 19:00:41.213000,290.6,144.1,568.8,9.29,99.7,22.86,74.5,51.4,Safe
VH007,Diesel,Heavy Lorry,2026-07-24 19:00:56.213000,206.6,140.1,518.6,7.83,47.7,14.95,74.3,52.1,Safe
VH007,Diesel,Heavy Lorry,2026-07-24 19:01:11.213000,304.3,223.9,525.8,3.81,34.9,8.29,68.5,37.3,Safe
VH007,Diesel,Heavy Lorry,2026-07-24 19:01:26.213000,257.2,199.0,597.7,12.05,56.6,5.95,100.8,30.1,Safe
VH007,Diesel,Heavy Lorry,2026-07-24 19:01:41.213000,195.2,168.3,573.1,1.99,98.6,25.18,93.2,43.9,Safe
VH007,Diesel,Heavy Lorry,2026-07-24 19:01:56.213000,240.9,165.8,454.1,10.82,70.3,9.03,96.7,38.1,Safe
VH007,Diesel,Heavy Lorry,2026-07-24 19:02:11.213000,336.4,204.0,640.3,6.62,81.9,5.66,93.9,34.6,Safe
VH007,Diesel,Heavy Lorry,2026-07-24 19:02:26.213000,345.3,193.8,519.2,15.7,54.1,11.26,89.0,44.8,Safe
VH007,Diesel,Heavy Lorry,2026-07-24 19:02:41.213000,278.5,180.9,639.1,2.81,103.1,18.74,95.4,31.8,Safe
VH007,Diesel,Heavy Lorry,2026-07-24 19:02:56.213000,361.4,207.0,478.2,11.41,66.0,6.65,97.5,55.9,Safe
VH007,Diesel,Heavy Lorry,2026-07-24 19:03:11.213000,278.0,183.0,639.1,13.18,43.0,13.59,82.0,43.0,Safe
VH007,Diesel,Heavy Lorry,2026-07-24 19:03:26.213000,308.0,217.7,530.5,9.41,52.9,23.06,95.1,53.3,Safe
VH007,Diesel,Heavy Lorry,2026-07-24 19:03:41.213000,154.2,333.1,586.1,7.53,19.0,18.03,97.5,36.2,Safe
VH007,Diesel,Heavy Lorry,2026-07-24 19:03:56.213000,348.7,193.9,529.9,7.9,71.0,6.6,91.8,41.3,Safe
VH007,Diesel,Heavy Lorry,2026-07-24 19:04:11.213000,191.1,266.9,673.4,13.67,69.7,14.62,82.7,55.2,Safe
VH007,Diesel,Heavy Lorry,2026-07-24 19:04:26.213000,266.5,273.2,525.1,9.54,67.5,20.89,93.4,39.1,Safe
VH007,Diesel,Heavy Lorry,2026-07-24 19:04:41.213000,230.3,360.3,697.2,12.56,20.0,10.14,70.4,55.5,Safe
VH007,Diesel,Heavy Lorry,2026-07-24 19:04:56.213000,273.0,168.6,602.4,2.48,23.7,10.83,76.9,32.1,Safe
VH007,Diesel,Heavy Lorry,2026-07-24 19:05:11.213000,236.6,326.0,536.9,8.25,38.9,14.87,67.1,53.8,Safe
VH007,Diesel,Heavy Lorry,2026-07-24 19:05:26.213000,370.0,300.6,516.7,4.33,48.0,11.13,95.4,31.8,Safe
VH007,Diesel,Heavy Lorry,2026-07-24 19:05:41.213000,309.0,264.7,586.1,11.84,60.8,21.73,94.1,30.3,Safe
VH007,Diesel,Heavy Lorry,2026-07-24 19:05:56.213000,276.8,216.6,471.5,12.9,35.4,12.45,76.6,58.1,Safe
VH007,Diesel,Heavy Lorry,2026-07-24 19:06:11.213000,310.2,195.7,679.7,11.58,111.0,18.57,87.4,48.9,Safe
VH007,Diesel,Heavy Lorry,2026-07-24 19:06:26.213000,207.1,199.9,509.8,11.8,75.4,20.05,97.6,52.5,Safe
VH007,Diesel,Heavy Lorry,2026-07-24 19:06:41.213000,426.5,425.1,868.8,16.69,142.8,34.42,108.3,30.5,Moderate
VH007,Diesel,Heavy Lorry,2026-07-24 19:06:56.213000,426.9,416.3,829.8,15.8,136.9,32.97,105.6,30.0,Moderate
VH007,Diesel,Heavy Lorry,2026-07-24 19:07:11.213000,431.0,433.5,889.6,16.55,145.9,32.98,110.5,52.8,Moderate
VH007,Diesel,Heavy Lorry,2026-07-24 19:07:26.213000,440.3,428.7,874.3,16.96,138.9,33.22,108.8,41.3,Moderate
VH007,Diesel,Heavy Lorry,2026-07-24 19:07:41.213000,411.0,424.3,818.7,16.45,135.1,32.67,105.0,58.2,Moderate
VH007,Diesel,Heavy Lorry,2026-07-24 19:07:56.213000,461.9,471.8,954.5,18.54,161.4,37.65,111.0,51.1,Moderate
VH007,Diesel,Heavy Lorry,2026-07-24 19:08:11.213000,466.3,452.5,940.1,17.96,154.4,35.14,109.7,52.0,Moderate
VH007,Diesel,Heavy Lorry,2026-07-24 19:08:26.213000,406.4,402.2,815.8,16.23,133.9,31.48,104.4,37.9,Moderate
VH007,Diesel,Heavy Lorry,2026-07-24 19:08:41.213000,454.9,448.7,948.2,17.44,149.6,37.4,111.6,57.9,Moderate
VH007,Diesel,Heavy Lorry,2026-07-24 19:08:56.213000,434.2,423.3,823.6,16.09,131.8,30.78,107.0,36.9,Moderate
VH007,Diesel,Heavy Lorry,2026-07-24 19:09:11.213000,463.1,464.3,956.3,17.8,153.1,38.8,111.6,51.4,Moderate
VH007,Diesel,Heavy Lorry,2026-07-24 19:09:26.213000,451.3,439.5,911.6,17.64,149.2,34.6,111.5,31.1,Moderate
VH007,Diesel,Heavy Lorry,2026-07-24 19:09:41.213000,445.8,436.3,891.4,17.03,144.7,34.62,107.7,51.5,Moderate
VH007,Diesel,Heavy Lorry,2026-07-24 19:09:56.213000,457.6,467.8,933.5,17.81,153.8,35.71,110.9,56.4,Moderate
VH007,Diesel,Heavy Lorry,2026-07-24 19:10:11.213000,457.2,462.0,906.7,17.09,146.6,34.86,112.5,49.8,Moderate
VH007,Diesel,Heavy Lorry,2026-07-24 19:10:26.213000,420.6,421.2,831.3,15.86,136.0,30.7,106.9,43.1,Moderate
VH007,Diesel,Heavy Lorry,2026-07-24 19:10:41.213000,453.4,440.3,898.1,17.49,144.5,33.89,108.0,48.3,Moderate
VH007,Diesel,Heavy Lorry,2026-07-24 19:10:56.213000,425.4,410.0,830.2,16.35,134.9,32.45,106.4,52.7,Moderate
VH007,Diesel,Heavy Lorry,2026-07-24 19:11:11.213000,687.3,679.4,1744.9,33.17,295.0,72.28,150.8,39.3,Poor
VH007,Diesel,Heavy Lorry,2026-07-24 19:11:26.213000,712.9,724.4,1906.9,35.25,317.4,79.74,155.2,56.9,Poor
VH007,Diesel,Heavy Lorry,2026-07-24 19:11:41.213000,659.5,649.8,1654.7,30.63,271.4,69.93,146.9,51.0,Poor
VH007,Diesel,Heavy Lorry,2026-07-24 19:11:56.213000,658.7,670.3,1654.9,30.19,276.1,69.7,149.2,40.8,Poor
VH007,Diesel,Heavy Lorry,2026-07-24 19:12:11.213000,666.5,657.0,1623.8,30.3,268.8,68.75,147.9,31.8,Poor
VH007,Diesel,Heavy Lorry,2026-07-24 19:12:26.213000,674.5,680.4,1731.4,32.53,291.8,73.09,151.6,59.5,Poor
VH007,Diesel,Heavy Lorry,2026-07-24 19:12:41.213000,683.2,686.4,1739.5,32.26,286.8,73.33,152.0,56.1,Poor
VH007,Diesel,Heavy Lorry,2026-07-24 19:12:56.213000,690.0,686.9,1800.3,33.36,298.2,74.71,150.5,55.5,Poor
VH007,Diesel,Heavy Lorry,2026-07-24 19:13:11.213000,681.5,683.5,1723.0,32.23,285.7,72.95,150.0,60.4,Poor
VH007,Diesel,Heavy Lorry,2026-07-24 19:13:26.213000,651.6,660.2,1659.1,30.44,277.3,67.5,147.7,50.6,Poor
VH007,Diesel,Heavy Lorry,2026-07-24 19:13:41.213000,642.2,657.5,1594.4,29.4,269.4,67.71,144.8,33.2,Poor
VH007,Diesel,Heavy Lorry,2026-07-24 19:13:56.213000,655.8,672.3,1640.0,30.74,277.2,68.99,146.4,49.6,Poor
VH007,Diesel,Heavy Lorry,2026-07-24 19:14:11.213000,688.7,670.8,1723.3,31.79,281.3,70.12,150.8,44.5,Poor
VH007,Diesel,Heavy Lorry,2026-07-24 19:14:26.213000,676.9,675.7,1676.5,30.92,279.8,70.64,149.7,41.2,Poor
VH007,Diesel,Heavy Lorry,2026-07-24 19:14:41.213000,675.0,669.6,1729.1,31.89,292.5,72.44,148.4,34.2,Poor
VH007,Diesel,Heavy Lorry,2026-07-24 19:14:56.213000,711.9,719.5,1857.1,34.28,307.9,76.15,153.7,55.0,Poor
VH007,Diesel,Heavy Lorry,2026-07-24 19:15:11.213000,677.5,672.5,1747.7,32.37,291.8,73.81,151.5,51.5,Poor
VH007,Diesel,Heavy Lorry,2026-07-24 19:15:26.213000,661.4,669.9,1649.6,30.67,271.8,67.22,146.0,51.7,Poor
VH007,Diesel,Heavy Lorry,2026-07-24 19:15:41.213000,679.8,677.2,1670.5,31.04,278.2,70.05,148.2,36.1,Poor
VH007,Diesel,Heavy Lorry,2026-07-24 19:15:56.213000,705.4,714.1,1863.3,34.56,312.6,77.99,152.2,48.8,Poor
VH007,Diesel,Heavy Lorry,2026-07-24 19:16:11.213000,678.5,672.1,1746.7,32.02,294.3,73.44,149.3,58.0,Poor
VH007,Diesel,Heavy Lorry,2026-07-24 19:16:26.213000,666.5,667.4,1661.8,31.26,276.1,69.78,147.8,32.5,Poor
VH007,Diesel,Heavy Lorry,2026-07-24 19:16:41.213000,691.1,678.3,1721.4,32.21,291.9,72.62,149.7,59.7,Poor
VH007,Diesel,Heavy Lorry,2026-07-24 19:16:56.213000,684.0,684.9,1766.0,32.37,295.0,72.61,152.2,31.2,Poor
VH007,Diesel,Heavy Lorry,2026-07-24 19:17:11.213000,832.2,815.0,2360.1,44.28,395.3,98.31,171.7,43.9,Dangerous
VH007,Diesel,Heavy Lorry,2026-07-24 19:17:26.213000,864.4,843.3,2432.2,46.01,405.2,101.67,173.0,33.8,Dangerous
VH007,Diesel,Heavy Lorry,2026-07-24 19:17:41.213000,841.2,815.3,2394.2,44.7,396.9,97.97,170.9,31.8,Dangerous
VH007,Diesel,Heavy Lorry,2026-07-24 19:17:56.213000,858.5,835.7,2450.3,46.19,408.7,101.16,169.6,47.1,Dangerous
VH007,Diesel,Heavy Lorry,2026-07-24 19:18:11.213000,874.8,855.2,2498.7,46.86,413.0,104.16,172.0,34.6,Dangerous
VH007,Diesel,Heavy Lorry,2026-07-24 19:18:26.213000,850.5,835.4,2437.3,45.7,403.7,102.54,170.2,44.2,Dangerous
VH007,Diesel,Heavy Lorry,2026-07-24 19:18:41.213000,851.3,837.3,2447.2,46.19,407.3,101.85,172.2,46.8,Dangerous
VH007,Diesel,Heavy Lorry,2026-07-24 19:18:56.213000,839.7,815.7,2332.0,43.72,385.8,97.58,169.7,51.6,Dangerous
VH007,Diesel,Heavy Lorry,2026-07-24 19:19:11.213000,847.3,842.6,2419.5,44.79,399.2,99.9,171.8,35.5,Dangerous
VH007,Diesel,Heavy Lorry,2026-07-24 19:19:26.213000,879.3,846.0,2490.3,46.86,419.5,103.42,169.4,42.5,Dangerous
VH007,Diesel,Heavy Lorry,2026-07-24 19:19:41.213000,846.4,809.5,2333.9,43.87,393.0,98.33,170.1,31.6,Dangerous
VH007,Diesel,Heavy Lorry,2026-07-24 19:19:56.213000,875.7,848.3,2480.3,47.07,414.7,104.14,170.4,53.3,Dangerous
VH007,Diesel,Heavy Lorry,2026-07-24 19:20:11.213000,855.4,843.6,2404.0,44.85,399.5,101.76,172.2,49.5,Dangerous
VH007,Diesel,Heavy Lorry,2026-07-24 19:20:26.213000,713.7,718.9,1877.8,34.51,307.9,77.67,154.4,48.0,Poor
VH007,Diesel,Heavy Lorry,2026-07-24 19:20:41.213000,844.8,817.3,2384.5,44.87,394.3,98.16,170.7,55.0,Dangerous
VH007,Diesel,Heavy Lorry,2026-07-24 19:20:56.213000,865.5,849.1,2441.5,46.0,412.7,101.28,171.1,52.5,Dangerous
VH007,Diesel,Heavy Lorry,2026-07-24 19:21:11.213000,835.5,834.3,2355.9,44.38,395.3,97.24,171.9,42.1,Dangerous
VH007,Diesel,Heavy Lorry,2026-07-24 19:21:26.213000,651.0,650.5,1609.8,30.16,272.0,66.02,145.6,53.3,Poor
VH007,Diesel,Heavy Lorry,2026-07-24 19:21:41.213000,869.1,853.8,2509.4,46.92,417.4,104.86,169.2,44.7,Dangerous
VH007,Diesel,Heavy Lorry,2026-07-24 19:21:56.213000,870.1,855.0,2477.1,46.61,415.3,104.57,172.1,51.2,Dangerous
VH007,Diesel,Heavy Lorry,2026-07-24 19:22:11.213000,838.1,812.3,2331.9,44.1,386.2,98.43,171.4,29.4,Dangerous
VH007,Diesel,Heavy Lorry,2026-07-24 19:22:26.213000,834.4,805.4,2323.6,43.52,385.8,97.05,169.3,30.5,Dangerous
VH007,Diesel,Heavy Lorry,2026-07-24 19:22:41.213000,635.2,643.0,1574.3,29.44,264.4,67.0,146.7,32.9,Poor
VH008,CNG,Taxi,2026-07-24 18:36:41.213000,148.7,123.3,368.5,5.35,52.1,4.59,57.1,55.8,Safe
VH008,CNG,Taxi,2026-07-24 18:36:56.213000,134.7,217.8,524.0,0.73,17.7,3.26,74.6,60.3,Safe
VH008,CNG,Taxi,2026-07-24 18:37:11.213000,179.7,172.8,522.3,5.35,9.7,6.67,49.4,57.2,Safe
VH008,CNG,Taxi,2026-07-24 18:37:26.213000,191.8,175.6,452.3,0.66,9.7,8.35,83.4,53.9,Safe
VH008,CNG,Taxi,2026-07-24 18:37:41.213000,155.3,158.4,468.7,5.56,51.1,7.94,51.3,60.3,Safe
VH008,CNG,Taxi,2026-07-24 18:37:56.213000,120.9,218.4,461.3,2.13,18.9,4.64,60.7,49.4,Safe
VH008,CNG,Taxi,2026-07-24 18:38:11.213000,238.3,191.2,466.4,1.96,14.3,2.45,69.6,56.7,Safe
VH008,CNG,Taxi,2026-07-24 18:38:26.213000,223.4,201.3,482.7,2.02,6.1,4.72,69.1,43.8,Safe
VH008,CNG,Taxi,2026-07-24 18:38:41.213000,224.3,181.1,452.1,3.33,13.9,3.86,69.4,63.3,Safe
VH008,CNG,Taxi,2026-07-24 18:38:56.213000,229.9,162.8,531.6,3.75,10.0,2.02,79.2,50.5,Safe
VH008,CNG,Taxi,2026-07-24 18:39:11.213000,207.3,139.2,427.4,5.42,47.2,9.33,58.3,60.5,Safe
VH008,CNG,Taxi,2026-07-24 18:39:26.213000,200.5,126.5,527.2,3.78,43.7,5.84,78.2,39.5,Safe
VH008,CNG,Taxi,2026-07-24 18:39:41.213000,110.4,203.2,398.6,3.8,29.7,7.66,68.7,40.2,Safe
VH008,CNG,Taxi,2026-07-24 18:39:56.213000,169.1,153.4,372.6,0.9,8.8,3.04,76.6,40.9,Safe
VH008,CNG,Taxi,2026-07-24 18:40:11.213000,201.0,91.8,396.5,5.34,53.7,2.71,61.9,54.3,Safe
VH008,CNG,Taxi,2026-07-24 18:40:26.213000,185.6,160.8,537.1,1.11,42.0,4.14,51.3,45.2,Safe
VH008,CNG,Taxi,2026-07-24 18:40:41.213000,150.4,166.0,475.0,5.13,8.8,2.79,49.5,40.1,Safe
VH008,CNG,Taxi,2026-07-24 18:40:56.213000,196.1,178.7,371.6,5.13,32.4,7.99,50.8,43.0,Safe
VH008,CNG,Taxi,2026-07-24 18:41:11.213000,144.9,219.5,524.0,4.7,25.1,3.15,60.1,44.0,Safe
VH008,CNG,Taxi,2026-07-24 18:41:26.213000,121.0,188.5,543.5,1.13,57.9,8.99,69.2,56.2,Safe
VH008,CNG,Taxi,2026-07-24 18:41:41.213000,145.0,211.9,476.5,0.62,41.8,1.54,65.2,50.2,Safe
VH008,CNG,Taxi,2026-07-24 18:41:56.213000,141.9,237.8,520.7,5.62,45.9,6.19,50.2,63.8,Safe
VH008,CNG,Taxi,2026-07-24 18:42:11.213000,157.2,184.8,393.0,3.03,42.4,3.74,71.1,40.5,Safe
VH008,CNG,Taxi,2026-07-24 18:42:26.213000,225.3,224.6,505.4,0.48,47.9,4.97,56.6,38.2,Safe
VH008,CNG,Taxi,2026-07-24 18:42:41.213000,197.0,114.7,480.3,0.14,40.7,3.32,83.2,44.5,Safe
VH008,CNG,Taxi,2026-07-24 18:42:56.213000,137.1,239.8,419.3,3.12,34.7,2.0,52.7,61.1,Safe
VH008,CNG,Taxi,2026-07-24 18:43:11.213000,150.7,202.7,447.3,2.23,41.9,4.12,54.8,51.8,Safe
VH008,CNG,Taxi,2026-07-24 18:43:26.213000,137.5,107.6,489.5,2.75,11.1,1.88,64.4,37.9,Safe
VH008,CNG,Taxi,2026-07-24 18:43:41.213000,174.4,210.4,436.7,2.79,4.1,2.75,75.6,47.3,Safe
VH008,CNG,Taxi,2026-07-24 18:43:56.213000,121.4,235.8,536.0,4.61,43.0,0.34,60.6,50.8,Safe
VH008,CNG,Taxi,2026-07-24 18:44:11.213000,202.0,172.8,440.5,3.6,39.0,8.22,64.5,47.1,Safe
VH008,CNG,Taxi,2026-07-24 18:44:26.213000,181.2,154.6,407.4,2.32,43.2,3.54,70.5,39.5,Safe
VH008,CNG,Taxi,2026-07-24 18:44:41.213000,168.2,225.1,431.2,0.98,39.5,4.73,54.1,63.1,Safe
VH008,CNG,Taxi,2026-07-24 18:44:56.213000,120.7,170.4,427.2,3.36,13.2,6.62,78.8,55.1,Safe
VH008,CNG,Taxi,2026-07-24 18:45:11.213000,123.8,101.5,407.3,5.3,31.7,7.99,66.3,58.4,Safe
VH008,CNG,Taxi,2026-07-24 18:45:26.213000,197.8,175.6,403.0,5.37,10.3,6.37,70.1,65.3,Safe
VH008,CNG,Taxi,2026-07-24 18:45:41.213000,161.8,195.2,391.4,2.44,32.4,2.53,63.7,53.3,Safe
VH008,CNG,Taxi,2026-07-24 18:45:56.213000,212.3,97.7,440.9,0.95,52.4,7.99,59.3,54.3,Safe
VH008,CNG,Taxi,2026-07-24 18:46:11.213000,147.1,207.9,418.2,5.8,31.6,2.75,63.6,57.9,Safe
VH008,CNG,Taxi,2026-07-24 18:46:26.213000,121.1,162.9,364.0,1.67,45.5,0.0,82.7,64.8,Safe
VH008,CNG,Taxi,2026-07-24 18:46:41.213000,101.8,110.7,519.5,4.57,47.8,0.91,57.8,51.0,Safe
VH008,CNG,Taxi,2026-07-24 18:46:56.213000,221.8,152.0,534.0,8.37,49.4,12.23,67.9,49.8,Safe
VH008,CNG,Taxi,2026-07-24 18:47:11.213000,152.1,123.0,462.4,0.38,13.6,7.89,52.9,63.5,Safe
VH008,CNG,Taxi,2026-07-24 18:47:26.213000,152.6,80.3,461.8,3.11,23.0,1.1,58.7,58.8,Safe
VH008,CNG,Taxi,2026-07-24 18:47:41.213000,223.0,93.3,521.2,5.39,49.4,7.65,81.6,42.6,Safe
VH008,CNG,Taxi,2026-07-24 18:47:56.213000,226.4,96.6,452.0,5.82,55.0,6.16,51.3,62.9,Safe
VH008,CNG,Taxi,2026-07-24 18:48:11.213000,131.3,76.1,418.5,5.08,36.9,0.71,70.6,65.8,Safe
VH008,CNG,Taxi,2026-07-24 18:48:26.213000,152.3,143.0,473.4,2.35,35.3,2.61,62.3,56.0,Safe
VH008,CNG,Taxi,2026-07-24 18:48:41.213000,182.8,104.7,447.9,1.69,35.7,3.74,76.0,51.4,Safe
VH008,CNG,Taxi,2026-07-24 18:48:56.213000,186.6,140.3,439.0,1.63,49.7,1.48,55.6,38.9,Safe
VH008,CNG,Taxi,2026-07-24 18:49:11.213000,113.5,165.4,435.0,0.76,29.8,2.63,70.8,60.6,Safe
VH008,CNG,Taxi,2026-07-24 18:49:26.213000,122.7,222.1,370.6,4.59,34.8,2.62,82.8,42.3,Safe
VH008,CNG,Taxi,2026-07-24 18:49:41.213000,183.9,111.3,424.9,0.0,51.3,2.56,69.7,44.5,Safe
VH008,CNG,Taxi,2026-07-24 18:49:56.213000,192.0,242.9,393.5,5.57,25.7,3.41,47.3,37.7,Safe
VH008,CNG,Taxi,2026-07-24 18:50:11.213000,160.8,223.3,414.9,0.96,14.0,4.26,52.8,65.2,Safe
VH008,CNG,Taxi,2026-07-24 18:50:26.213000,200.1,107.4,475.2,2.17,27.7,2.43,58.9,42.7,Safe
VH008,CNG,Taxi,2026-07-24 18:50:41.213000,164.9,190.4,483.5,3.49,23.4,3.25,58.2,53.8,Safe
VH008,CNG,Taxi,2026-07-24 18:50:56.213000,177.8,200.7,420.4,3.77,33.7,0.36,64.7,44.3,Safe
VH008,CNG,Taxi,2026-07-24 18:51:11.213000,130.3,93.6,429.1,1.97,38.1,5.9,71.6,64.1,Safe
VH008,CNG,Taxi,2026-07-24 18:51:26.213000,215.7,153.2,387.3,1.9,39.7,5.34,51.2,62.1,Safe
VH008,CNG,Taxi,2026-07-24 18:51:41.213000,227.3,110.1,462.9,1.36,50.2,1.95,63.2,51.9,Safe
VH008,CNG,Taxi,2026-07-24 18:51:56.213000,214.5,201.8,376.8,4.24,48.3,0.0,81.8,44.9,Safe
VH008,CNG,Taxi,2026-07-24 18:52:11.213000,138.1,234.4,444.6,3.83,26.6,3.05,49.7,44.5,Safe
VH008,CNG,Taxi,2026-07-24 18:52:26.213000,243.6,90.8,487.6,8.71,25.0,10.02,67.8,45.3,Safe
VH008,CNG,Taxi,2026-07-24 18:52:41.213000,215.6,210.4,422.2,3.0,49.2,4.69,82.3,50.9,Safe
VH008,CNG,Taxi,2026-07-24 18:52:56.213000,141.4,163.7,368.9,0.46,18.0,7.11,71.4,45.1,Safe
VH008,CNG,Taxi,2026-07-24 18:53:11.213000,159.3,174.9,500.8,4.53,18.0,2.49,66.3,49.8,Safe
VH008,CNG,Taxi,2026-07-24 18:53:26.213000,116.5,144.4,387.3,3.64,4.3,1.76,57.6,45.6,Safe
VH008,CNG,Taxi,2026-07-24 18:53:41.213000,173.1,100.1,473.7,1.08,15.5,5.88,61.9,52.2,Safe
VH008,CNG,Taxi,2026-07-24 18:53:56.213000,158.2,238.5,387.5,3.99,37.2,9.04,53.5,55.4,Safe
VH008,CNG,Taxi,2026-07-24 18:54:11.213000,110.7,151.8,522.7,2.06,52.4,8.39,62.6,39.0,Safe
VH008,CNG,Taxi,2026-07-24 18:54:26.213000,194.2,176.0,465.5,0.76,34.2,4.76,61.9,55.6,Safe
VH008,CNG,Taxi,2026-07-24 18:54:41.213000,213.1,227.8,378.5,4.84,39.1,3.39,68.6,52.8,Safe
VH008,CNG,Taxi,2026-07-24 18:54:56.213000,150.1,118.0,391.3,3.55,10.1,2.4,52.0,59.3,Safe
VH008,CNG,Taxi,2026-07-24 18:55:11.213000,213.3,101.8,407.6,5.84,16.4,4.23,56.6,53.9,Safe
VH008,CNG,Taxi,2026-07-24 18:55:26.213000,218.9,212.5,491.0,1.58,24.2,2.43,51.2,42.5,Safe
VH008,CNG,Taxi,2026-07-24 18:55:41.213000,166.7,215.3,520.7,0.0,37.8,8.02,62.3,50.7,Safe
VH008,CNG,Taxi,2026-07-24 18:55:56.213000,221.6,104.2,418.9,5.42,17.1,4.16,52.6,39.9,Safe
VH008,CNG,Taxi,2026-07-24 18:56:11.213000,172.1,89.0,479.8,3.07,27.3,1.7,56.2,60.2,Safe
VH008,CNG,Taxi,2026-07-24 18:56:26.213000,202.2,192.5,483.7,3.26,31.2,5.62,62.0,66.1,Safe
VH008,CNG,Taxi,2026-07-24 18:56:41.213000,156.2,172.1,383.8,5.12,12.1,5.88,63.3,42.3,Safe
VH008,CNG,Taxi,2026-07-24 18:56:56.213000,103.7,127.8,391.4,1.74,31.2,0.0,65.2,62.8,Safe
VH008,CNG,Taxi,2026-07-24 18:57:11.213000,208.9,165.8,497.1,1.91,4.4,2.18,64.2,55.2,Safe
VH008,CNG,Taxi,2026-07-24 18:57:26.213000,227.6,220.7,461.0,2.67,27.6,7.21,53.4,56.4,Safe
VH008,CNG,Taxi,2026-07-24 18:57:41.213000,137.5,206.9,475.2,2.13,36.2,6.05,74.0,47.8,Safe
VH008,CNG,Taxi,2026-07-24 18:57:56.213000,127.3,173.2,411.3,4.29,15.3,5.65,54.4,38.9,Safe
VH008,CNG,Taxi,2026-07-24 18:58:11.213000,269.9,119.9,482.1,6.89,33.8,13.66,51.6,38.3,Safe
VH008,CNG,Taxi,2026-07-24 18:58:26.213000,138.2,111.2,449.4,3.3,39.5,9.45,68.1,63.5,Safe
VH008,CNG,Taxi,2026-07-24 18:58:41.213000,187.1,149.4,491.1,3.95,53.5,3.78,80.1,36.2,Safe
VH008,CNG,Taxi,2026-07-24 18:58:56.213000,180.5,132.9,473.6,3.38,9.8,0.55,69.9,48.5,Safe
VH008,CNG,Taxi,2026-07-24 18:59:11.213000,205.6,135.1,468.8,1.21,32.2,9.49,62.9,36.6,Safe
VH008,CNG,Taxi,2026-07-24 18:59:26.213000,305.6,120.0,407.1,8.02,13.6,8.26,60.7,43.5,Safe
VH008,CNG,Taxi,2026-07-24 18:59:41.213000,123.7,164.2,448.6,0.48,31.5,6.61,78.6,56.1,Safe
VH008,CNG,Taxi,2026-07-24 18:59:56.213000,236.6,208.7,479.0,2.03,28.1,2.79,56.2,48.5,Safe
VH008,CNG,Taxi,2026-07-24 19:00:11.213000,91.8,160.6,457.4,4.71,10.2,9.08,80.7,45.6,Safe
VH008,CNG,Taxi,2026-07-24 19:00:26.213000,203.2,136.6,408.3,1.98,43.6,9.92,62.3,47.3,Safe
VH008,CNG,Taxi,2026-07-24 19:00:41.213000,241.2,191.3,455.0,5.68,55.1,4.06,70.5,54.7,Safe
VH008,CNG,Taxi,2026-07-24 19:00:56.213000,101.5,92.8,446.5,0.0,33.7,1.13,49.6,63.9,Safe
VH008,CNG,Taxi,2026-07-24 19:01:11.213000,215.0,114.4,434.8,0.5,33.1,3.49,60.4,51.4,Safe
VH008,CNG,Taxi,2026-07-24 19:01:26.213000,174.9,144.6,382.4,1.32,35.8,1.22,63.5,36.3,Safe
VH008,CNG,Taxi,2026-07-24 19:01:41.213000,144.2,87.1,496.7,4.0,29.3,9.62,68.2,39.1,Safe
VH008,CNG,Taxi,2026-07-24 19:01:56.213000,117.9,141.4,533.8,6.13,49.4,8.08,74.1,60.8,Safe
VH008,CNG,Taxi,2026-07-24 19:02:11.213000,147.1,74.6,405.5,2.46,53.9,7.21,68.6,54.0,Safe
VH008,CNG,Taxi,2026-07-24 19:02:26.213000,170.3,196.0,461.0,5.84,20.8,2.58,54.7,39.0,Safe
VH008,CNG,Taxi,2026-07-24 19:02:41.213000,227.7,84.9,478.3,1.19,14.4,2.81,81.7,44.8,Safe
VH008,CNG,Taxi,2026-07-24 19:02:56.213000,226.4,184.8,462.7,5.16,13.9,17.83,68.2,41.8,Safe
VH008,CNG,Taxi,2026-07-24 19:03:11.213000,164.6,93.5,455.2,0.22,23.2,1.22,76.5,41.7,Safe
VH008,CNG,Taxi,2026-07-24 19:03:26.213000,108.0,115.4,369.2,3.47,48.3,5.34,74.1,56.9,Safe
VH008,CNG,Taxi,2026-07-24 19:03:41.213000,217.7,197.3,512.9,2.3,42.4,6.73,74.3,39.3,Safe
VH008,CNG,Taxi,2026-07-24 19:03:56.213000,215.9,109.7,390.7,1.73,18.3,4.67,68.4,45.2,Safe
VH008,CNG,Taxi,2026-07-24 19:04:11.213000,153.1,198.3,519.9,1.1,31.0,7.67,50.2,64.5,Safe
VH008,CNG,Taxi,2026-07-24 19:04:26.213000,175.5,124.7,389.1,6.23,21.3,3.2,46.5,59.0,Safe
VH008,CNG,Taxi,2026-07-24 19:04:41.213000,222.0,92.2,434.3,4.75,9.3,3.21,70.6,43.2,Safe
VH008,CNG,Taxi,2026-07-24 19:04:56.213000,165.3,88.0,498.1,2.16,37.0,1.73,57.3,38.8,Safe
VH008,CNG,Taxi,2026-07-24 19:05:11.213000,161.2,169.3,450.6,0.0,6.8,6.62,71.3,39.0,Safe
VH008,CNG,Taxi,2026-07-24 19:05:26.213000,133.7,224.2,460.2,0.42,34.1,1.15,63.6,58.4,Safe
VH008,CNG,Taxi,2026-07-24 19:05:41.213000,168.0,117.1,433.3,7.42,35.8,14.68,50.5,36.2,Safe
VH008,CNG,Taxi,2026-07-24 19:05:56.213000,236.5,128.0,485.7,1.28,23.7,4.78,69.8,58.7,Safe
VH008,CNG,Taxi,2026-07-24 19:06:11.213000,115.5,171.7,442.1,1.5,55.4,4.33,56.5,51.8,Safe
VH008,CNG,Taxi,2026-07-24 19:06:26.213000,112.8,191.8,381.5,5.49,8.6,0.91,57.9,49.1,Safe
VH008,CNG,Taxi,2026-07-24 19:06:41.213000,183.5,214.2,457.4,4.1,31.2,7.89,52.7,47.7,Safe
VH008,CNG,Taxi,2026-07-24 19:06:56.213000,154.5,196.0,471.0,0.88,17.4,9.1,78.8,53.5,Safe
VH008,CNG,Taxi,2026-07-24 19:07:11.213000,157.7,94.3,415.7,1.73,14.2,5.62,53.8,51.8,Safe
VH008,CNG,Taxi,2026-07-24 19:07:26.213000,136.5,96.1,391.2,2.79,10.0,0.09,52.4,52.1,Safe
VH008,CNG,Taxi,2026-07-24 19:07:41.213000,149.9,214.4,364.2,5.54,43.1,0.0,63.9,59.7,Safe
VH008,CNG,Taxi,2026-07-24 19:07:56.213000,234.6,201.0,399.8,4.46,51.6,1.62,71.6,36.6,Safe
VH008,CNG,Taxi,2026-07-24 19:08:11.213000,189.2,148.2,429.7,1.95,48.9,8.47,74.7,56.1,Safe
VH008,CNG,Taxi,2026-07-24 19:08:26.213000,204.9,196.2,388.0,2.27,32.9,8.91,54.3,50.2,Safe
VH008,CNG,Taxi,2026-07-24 19:08:41.213000,109.2,234.5,394.1,1.77,45.0,7.94,70.3,48.9,Safe
VH008,CNG,Taxi,2026-07-24 19:08:56.213000,205.2,126.6,499.5,1.72,31.1,1.5,80.2,48.6,Safe
VH008,CNG,Taxi,2026-07-24 19:09:11.213000,134.3,98.4,512.2,3.43,16.6,5.53,56.8,52.9,Safe
VH008,CNG,Taxi,2026-07-24 19:09:26.213000,154.6,158.0,421.4,2.62,12.7,7.72,73.5,45.6,Safe
VH008,CNG,Taxi,2026-07-24 19:09:41.213000,140.2,97.2,411.4,2.1,24.5,3.24,54.7,42.7,Safe
VH008,CNG,Taxi,2026-07-24 19:09:56.213000,150.6,163.8,421.0,4.93,12.0,6.23,52.4,39.9,Safe
VH008,CNG,Taxi,2026-07-24 19:10:11.213000,132.1,224.8,405.5,5.16,38.2,7.12,57.2,38.7,Safe
VH008,CNG,Taxi,2026-07-24 19:10:26.213000,142.3,90.6,498.0,4.09,32.6,8.61,80.8,65.1,Safe
VH008,CNG,Taxi,2026-07-24 19:10:41.213000,102.2,89.4,406.6,0.0,34.8,2.14,64.7,58.1,Safe
VH008,CNG,Taxi,2026-07-24 19:10:56.213000,169.4,200.1,488.6,2.39,6.1,3.25,55.9,55.4,Safe
VH008,CNG,Taxi,2026-07-24 19:11:11.213000,91.1,98.5,451.1,5.21,45.2,7.65,48.6,63.8,Safe
VH008,CNG,Taxi,2026-07-24 19:11:26.213000,235.9,124.5,507.1,5.22,39.9,0.0,76.0,58.3,Safe
VH008,CNG,Taxi,2026-07-24 19:11:41.213000,190.1,176.3,436.5,0.66,20.0,0.0,49.8,58.8,Safe
VH008,CNG,Taxi,2026-07-24 19:11:56.213000,127.1,197.3,492.0,5.06,35.3,2.89,60.2,53.6,Safe
VH008,CNG,Taxi,2026-07-24 19:12:11.213000,215.6,170.8,525.3,0.86,31.4,7.14,57.5,47.5,Safe
VH008,CNG,Taxi,2026-07-24 19:12:26.213000,225.1,107.7,403.6,0.87,12.7,6.04,52.5,60.8,Safe
VH008,CNG,Taxi,2026-07-24 19:12:41.213000,124.9,241.8,495.9,1.9,19.0,0.0,56.5,62.8,Safe
VH008,CNG,Taxi,2026-07-24 19:12:56.213000,240.3,231.9,485.7,6.13,40.9,6.96,56.2,60.7,Safe
VH008,CNG,Taxi,2026-07-24 19:13:11.213000,206.4,161.5,479.8,4.29,14.8,4.15,59.2,56.4,Safe
VH008,CNG,Taxi,2026-07-24 19:13:26.213000,147.3,153.0,456.3,2.48,8.4,4.33,70.3,42.5,Safe
VH008,CNG,Taxi,2026-07-24 19:13:41.213000,122.3,207.4,449.4,5.71,26.3,2.88,77.2,55.9,Safe
VH008,CNG,Taxi,2026-07-24 19:13:56.213000,196.6,205.5,369.8,0.99,46.3,1.08,55.8,50.6,Safe
VH008,CNG,Taxi,2026-07-24 19:14:11.213000,100.8,137.8,380.0,1.12,26.6,7.28,80.4,46.7,Safe
VH008,CNG,Taxi,2026-07-24 19:14:26.213000,226.0,108.8,387.3,1.01,28.6,8.68,57.6,57.7,Safe
VH008,CNG,Taxi,2026-07-24 19:14:41.213000,126.2,182.8,415.6,2.43,14.6,9.79,63.8,55.2,Safe
VH008,CNG,Taxi,2026-07-24 19:14:56.213000,108.0,168.5,502.2,4.02,21.1,7.27,60.7,58.1,Safe
VH008,CNG,Taxi,2026-07-24 19:15:11.213000,224.9,136.5,465.7,3.13,46.0,8.36,66.2,50.1,Safe
VH008,CNG,Taxi,2026-07-24 19:15:26.213000,195.0,96.5,510.7,3.69,47.2,2.87,54.8,59.0,Safe
VH008,CNG,Taxi,2026-07-24 19:15:41.213000,118.1,185.3,488.5,4.65,44.5,1.9,52.2,58.4,Safe
VH008,CNG,Taxi,2026-07-24 19:15:56.213000,251.7,152.2,413.1,7.89,50.4,18.75,69.5,47.4,Safe
VH008,CNG,Taxi,2026-07-24 19:16:11.213000,198.6,227.6,379.6,2.38,24.9,1.64,49.5,42.7,Safe
VH008,CNG,Taxi,2026-07-24 19:16:26.213000,214.0,247.6,384.5,3.7,23.1,1.06,56.6,63.9,Safe
VH008,CNG,Taxi,2026-07-24 19:16:41.213000,122.0,92.1,427.9,3.4,30.1,1.61,76.8,61.7,Safe
VH008,CNG,Taxi,2026-07-24 19:16:56.213000,181.2,102.4,497.0,5.34,32.5,0.1,74.4,45.4,Safe
VH008,CNG,Taxi,2026-07-24 19:17:11.213000,127.6,164.5,442.5,2.5,48.3,4.61,69.5,51.0,Safe
VH008,CNG,Taxi,2026-07-24 19:17:26.213000,153.8,104.4,440.3,5.59,24.8,7.11,69.8,52.7,Safe
VH008,CNG,Taxi,2026-07-24 19:17:41.213000,233.5,178.8,408.8,5.26,45.6,3.87,56.5,53.0,Safe
VH008,CNG,Taxi,2026-07-24 19:17:56.213000,127.8,87.7,445.8,5.44,57.3,8.47,50.9,62.9,Safe
VH008,CNG,Taxi,2026-07-24 19:18:11.213000,144.2,173.1,382.6,0.03,17.9,1.53,71.7,50.5,Safe
VH008,CNG,Taxi,2026-07-24 19:18:26.213000,207.4,132.6,411.6,0.26,45.8,9.67,80.2,47.5,Safe
VH008,CNG,Taxi,2026-07-24 19:18:41.213000,189.5,231.4,369.7,3.9,21.8,5.08,73.5,37.4,Safe
VH008,CNG,Taxi,2026-07-24 19:18:56.213000,152.2,197.3,388.8,0.94,40.5,3.64,81.8,35.7,Safe
VH008,CNG,Taxi,2026-07-24 19:19:11.213000,185.8,239.5,511.0,1.23,9.8,3.04,67.6,41.8,Safe
VH008,CNG,Taxi,2026-07-24 19:19:26.213000,121.2,199.3,536.0,1.55,35.2,3.57,52.0,52.5,Safe
VH008,CNG,Taxi,2026-07-24 19:19:41.213000,225.0,168.6,421.2,3.98,34.5,2.9,68.1,63.8,Safe
VH008,CNG,Taxi,2026-07-24 19:19:56.213000,203.7,130.4,446.2,3.01,10.7,0.03,53.5,58.0,Safe
VH008,CNG,Taxi,2026-07-24 19:20:11.213000,227.5,213.4,389.2,4.68,17.1,7.22,57.4,61.9,Safe
VH008,CNG,Taxi,2026-07-24 19:20:26.213000,153.1,245.2,439.3,0.0,21.7,3.32,74.2,43.1,Safe
VH008,CNG,Taxi,2026-07-24 19:20:41.213000,217.4,153.5,376.7,5.13,24.3,7.71,51.3,37.7,Safe
VH008,CNG,Taxi,2026-07-24 19:20:56.213000,140.2,231.0,515.3,4.69,24.3,2.0,74.6,53.4,Safe
VH008,CNG,Taxi,2026-07-24 19:21:11.213000,118.5,97.1,402.0,3.56,36.8,7.86,50.8,66.5,Safe
VH008,CNG,Taxi,2026-07-24 19:21:26.213000,118.0,126.8,406.1,2.61,12.5,7.5,47.0,56.0,Safe
VH008,CNG,Taxi,2026-07-24 19:21:41.213000,159.5,207.4,422.8,4.33,29.4,7.28,81.1,60.4,Safe
VH008,CNG,Taxi,2026-07-24 19:21:56.213000,105.4,182.0,400.6,0.16,47.7,5.19,61.5,48.2,Safe
VH008,CNG,Taxi,2026-07-24 19:22:11.213000,226.4,108.9,479.1,4.12,20.2,2.52,76.4,60.8,Safe
VH008,CNG,Taxi,2026-07-24 19:22:26.213000,119.2,170.8,498.0,4.89,53.6,6.98,63.8,54.0,Safe
VH008,CNG,Taxi,2026-07-24 19:22:41.213000,181.9,100.8,383.6,1.15,45.1,6.54,65.0,50.1,Safe
